# Blender v2.79 (sub 0) OBJ File: ''
# www.blender.org
mtllib CHAR_Donald.mtl
o CHAR_Donald
v -10.882816 -5.109375 -26.648436
v -0.000001 82.601562 -8.984375
v -9.312501 81.937500 -7.499999
v -10.492185 51.625000 17.765627
v -17.007811 53.914062 9.242190
v -12.351562 113.382812 -1.210936
v -11.203124 106.476562 9.296877
v 17.234375 113.679688 4.414060
v -10.148437 141.890625 3.984376
v 12.351562 113.382812 -1.210939
v 2.015626 146.875000 7.429687
v -11.796874 112.781250 4.125002
v 12.664062 140.062500 1.421873
v 11.742188 141.976562 8.648436
v 8.273439 142.250000 10.070312
v 7.914064 143.164062 8.867187
v 14.062501 140.718750 5.226561
v 15.031253 111.851562 16.164061
v -0.000000 145.359375 -1.421875
v 14.406250 113.710938 0.414060
v 6.632816 117.421875 22.359373
v 10.960940 115.132812 19.624998
v 8.367192 119.453125 33.828125
v 14.070317 115.851562 30.609373
v 7.914068 116.476562 34.625000
v 8.281256 118.406250 34.898438
v -7.601559 117.203125 26.039064
v -10.953122 115.132812 19.625002
v -6.632809 117.421875 22.359377
v -8.359370 119.453125 33.828125
v -12.382809 115.125000 24.203127
v 0.000004 118.656250 27.882812
v 9.843753 116.804688 16.664061
v 6.851562 144.117188 -3.593751
v 14.624998 121.093750 -11.539064
v -14.359374 117.992188 8.562502
v -14.062499 140.718750 5.226564
v 10.148438 141.890625 3.984374
v -19.757812 121.648438 -5.414060
v -18.453127 124.265625 -6.757810
v -14.625002 121.093750 -11.539061
v 11.390627 111.132812 9.554686
v -0.000002 140.023438 -14.359375
v 19.234375 117.726562 -0.953128
v 18.632812 116.953125 -6.148440
v 17.281250 113.257812 -4.046877
v 19.601562 117.304688 -2.875003
v 18.796875 115.750000 -3.882815
v 4.851565 120.820312 16.218750
v 0.000003 122.304688 17.734375
v 11.414063 142.898438 6.999998
v 10.796876 142.500000 5.640624
v 17.726562 128.539062 2.960935
v 16.554686 135.289062 -6.578127
v 17.742186 128.195312 -7.085940
v -17.265625 122.968750 3.210940
v -17.742189 128.195312 -7.085935
v -9.960938 111.992188 -6.968749
v 2.515627 141.179688 11.773438
v 15.515624 117.195312 -8.648439
v 12.265624 112.468750 -6.148439
v 14.101563 140.023438 6.640623
v 2.921876 143.390625 8.304688
v 4.812502 144.968750 11.632812
v 1.429689 145.492188 9.703125
v 6.828127 141.796875 13.984374
v 4.625001 143.000000 10.343749
v 1.476564 140.859375 11.281250
v -1.453123 140.859375 11.281250
v -10.789062 142.500000 5.640626
v -13.820312 140.171875 4.054689
v 0.070314 142.375000 11.296875
v 0.000002 140.546875 12.523438
v 2.757814 143.031250 11.898438
v 3.101563 145.273438 5.710937
v 6.851562 144.117188 0.734374
v 4.242187 144.117188 -7.093750
v 3.210939 151.046875 7.109375
v 3.578126 146.890625 6.484375
v -6.851563 144.117188 -3.593749
v -20.406250 119.484375 -4.562497
v -18.414062 120.570312 -2.164060
v -19.117188 123.023438 -6.117185
v -17.703125 121.265625 -1.203122
v -7.835939 140.023438 -11.898437
v 7.281251 142.523438 7.554687
v 12.281248 116.695312 -11.085939
v 9.960937 111.992188 -6.968751
v 17.703125 121.265625 -1.203128
v 17.648436 125.468750 -7.015628
v 18.453123 124.265625 -6.757815
v 19.117188 123.023438 -6.117190
v 19.765625 121.648438 -5.414065
v 0.000002 122.007812 16.250000
v -10.976565 127.960938 -16.124998
v -0.000003 120.523438 -18.328125
v -0.000002 114.281250 -13.960938
v -4.546873 120.593750 14.453126
v -2.953123 121.289062 15.468750
v -8.437498 119.539062 12.773438
v -19.601562 117.304688 -2.874997
v -18.796875 115.750000 -3.882810
v -12.671876 140.023438 -5.429686
v -10.242189 135.289062 -14.640623
v -16.554689 135.289062 -6.578123
v 1.695315 137.859375 13.625000
v 0.000002 138.265625 13.523438
v 3.742189 140.507812 12.312499
v -22.007812 47.031250 2.796878
v -12.640623 42.312500 10.765627
v -21.039062 61.187500 -3.414059
v -0.000002 71.546875 -12.000000
v -18.523439 64.531250 -15.406247
v -24.632814 56.312500 -8.906246
v 0.000002 39.593750 16.375000
v 17.007814 53.914062 9.242185
v 21.046875 61.187500 -3.414066
v -0.000003 70.789062 -20.093750
v 18.531248 64.531250 -15.406253
v 24.640623 56.312500 -8.906254
v 0.000000 61.875000 1.054688
v 22.007812 47.031250 2.796872
v -13.875002 67.820312 -9.617186
v 0.000003 72.664062 22.195312
v -0.000001 75.046875 -8.664062
v 10.492190 51.625000 17.765623
v 12.640627 42.312500 10.765623
v 0.000003 50.421875 21.765625
v 0.000004 63.742188 23.382812
v 9.515628 63.437500 20.374998
v 16.179689 64.437500 12.249997
v 16.359377 73.054688 11.578122
v 13.874998 67.820312 -9.617189
v -20.070312 68.101562 0.640628
v -16.359373 73.054688 11.578128
v -12.273439 116.695312 -11.085936
v -6.710938 111.304688 -7.796874
v -1.023436 145.000000 7.960938
v 1.078126 147.093750 6.023438
v -17.648439 125.468750 -7.015622
v -10.164066 -1.898438 -28.132811
v -10.882816 1.296875 -26.648436
v -6.429691 -5.109375 -22.484373
v -4.585940 -5.109375 -15.859374
v -6.570313 -5.109375 -3.617187
v -5.226563 -1.546875 -2.968749
v -32.945316 -1.546875 -16.351557
v -23.835941 -1.078125 -25.953121
v 12.671874 140.023438 -5.429689
v -9.046879 1.945312 -23.749998
v -14.289066 1.945312 -26.281248
v -18.851566 4.695312 -20.960936
v -12.960940 4.695312 -20.960936
v -11.671879 2.304688 -25.015623
v -5.335941 -1.546875 -23.445312
v -6.429691 1.476562 -22.484373
v -23.242191 1.976562 -24.874996
v -16.906254 -5.109375 -27.546873
v -16.835941 -1.546875 -28.999998
v -23.242191 -5.109375 -24.874996
v -11.671879 -5.109375 -25.015623
v -12.664062 140.062500 1.421877
v -4.242188 144.117188 -7.093750
v -4.585940 1.976562 -15.859374
v -15.242186 114.117188 11.773439
v -16.375000 119.234375 3.765627
v -12.960940 24.195312 -16.898436
v -12.820315 30.429688 -19.671873
v -9.562504 30.976562 -26.984373
v -10.015628 22.601562 -21.593748
v -3.375002 -1.078125 -16.070312
v -8.804688 95.859375 -4.835936
v -19.515627 88.234375 -7.093747
v 7.234375 93.257812 4.382812
v 7.226562 93.859375 -1.617189
v 10.109374 91.460938 -8.039064
v 15.226563 90.476562 7.992185
v 19.515623 88.234375 -7.093753
v -0.000001 90.367188 -7.117188
v -18.851564 24.195312 -16.898436
v -21.914066 33.257812 -24.281246
v -7.234375 93.257812 4.382813
v -17.273438 113.257812 -4.046873
v -15.226562 110.195312 0.000002
v -8.398437 105.835938 8.007813
v -9.804687 107.234375 9.078127
v 0.000001 107.531250 5.593750
v 10.265626 104.937500 8.593748
v 0.000001 103.585938 5.492188
v 15.226562 110.195312 -0.000002
v -12.265626 112.468750 -6.148436
v 11.296877 110.437500 15.117186
v -8.414058 117.085938 29.335939
v 58.312500 84.960938 2.234366
v 44.750000 87.500000 -1.015632
v -9.843747 116.804688 16.664064
v -13.898436 115.031250 13.570314
v -4.851560 120.820312 16.218750
v -16.124998 113.023438 10.312503
v 15.835939 111.804688 9.585935
v 0.000004 113.117188 25.695312
v 11.750003 110.820312 21.804686
v 0.000003 120.632812 20.906250
v 16.375000 119.234375 3.765623
v -10.843748 118.265625 10.765627
v 17.687500 115.375000 4.437497
v 17.531250 115.039062 0.234372
v 0.000004 118.859375 24.210938
v 13.898439 115.031250 13.570311
v 15.242189 114.117188 11.773436
v 11.804688 112.781250 4.124998
v 5.679690 119.218750 19.312500
v 13.765629 116.539062 27.757811
v 58.304688 84.593750 -4.125009
v 58.601562 78.546875 -4.117197
v 44.750000 78.539062 -4.117194
v 44.750000 76.625000 -1.000007
v 58.664062 76.640625 -1.000009
v 44.750000 78.945312 2.187493
v 58.609375 78.921875 2.187491
v 44.750000 84.953125 2.234368
v 58.242188 87.515625 -1.023446
v 44.750000 84.585938 -4.117194
v -7.914057 116.476562 34.625000
v 53.593750 80.242188 7.867179
v 53.593750 71.414062 -6.640633
v 34.343750 80.976562 -1.132818
v 0.000005 120.664062 32.492188
v 0.000005 120.546875 35.367188
v -13.445308 113.992188 30.718752
v 13.054691 115.335938 27.382811
v 8.578130 119.492188 31.140623
v -8.570308 119.492188 31.140627
v 13.703128 112.843750 17.484373
v 16.562504 112.781250 23.523436
v -13.765621 116.539062 27.757814
v -8.273432 118.406250 34.898438
v 0.000005 117.265625 35.898438
v 0.000006 119.132812 36.492188
v -11.296873 118.906250 9.492189
v -17.515627 120.468750 -8.398435
v 14.640629 113.429688 23.093748
v -0.000002 92.453125 -10.031250
v -0.000001 97.179688 -8.492188
v -10.859374 91.828125 6.539064
v -16.179686 64.437500 12.250003
v -9.507810 63.437500 20.375002
v 7.601566 117.203125 26.039061
v 17.523436 120.468750 -8.398440
v 18.960936 120.132812 -6.609378
v 20.406250 119.484375 -4.562503
v -14.406250 113.710938 0.414065
v -17.195312 114.171875 -0.843747
v -19.234375 117.726562 -0.953122
v -16.906254 1.476562 -27.546873
v -31.601564 1.148438 -15.703120
v -11.414062 142.898438 7.000002
v -11.742187 141.976562 8.648439
v -17.523438 115.039062 0.234378
v 6.718749 111.304688 -7.796876
v 7.593748 115.570312 -12.937501
v 10.242186 121.312500 -15.414064
v 10.976560 127.960938 -16.125002
v -0.000003 127.781250 -19.570312
v -0.000003 135.289062 -17.710938
v 13.820313 140.171875 4.054686
v 7.835936 140.023438 -11.898438
v 10.242186 135.289062 -14.640627
v 18.414062 120.570312 -2.164065
v 17.265625 122.968750 3.210935
v -5.679685 119.218750 19.312500
v -13.695310 112.843750 17.484377
v -11.749997 110.820312 21.804689
v 0.000003 111.898438 17.257812
v -11.296873 110.437500 15.117189
v 0.000002 111.906250 10.804688
v -11.382811 111.132812 9.554689
v 0.000000 112.382812 3.195312
v 6.250001 148.218750 10.812499
v -13.046871 115.335938 27.382814
v 0.000005 118.937500 31.218750
v 7.554688 142.523438 7.554687
v 5.359376 144.046875 6.281249
v 10.289063 141.890625 3.984373
v 2.289063 147.304688 4.382812
v -1.476561 141.710938 10.531250
v -7.273437 142.523438 7.554688
v -4.226562 144.718750 4.234375
v -6.851562 144.117188 0.734376
v -14.882811 110.656250 15.601564
v -15.031247 111.851562 16.164064
v -14.640621 113.429688 23.093752
v -16.562496 112.781250 23.523439
v -14.070308 115.851562 30.609377
v -15.843746 111.398438 23.281252
v -17.726562 128.539062 2.960940
v 8.421880 117.085938 29.335936
v 12.382816 115.125000 24.203123
v -7.906249 143.164062 8.867188
v -2.515623 141.179688 11.773438
v -18.960939 120.132812 -6.609372
v -15.515626 117.195312 -8.648436
v -18.632812 116.953125 -6.148435
v 10.843752 118.265625 10.765623
v 14.359376 117.992188 8.562498
v 16.132814 113.023438 10.312497
v 14.890627 110.656250 15.601561
v -7.593752 115.570312 -12.937499
v -10.242189 121.312500 -15.414061
v 37.031250 80.625000 6.968744
v 53.593750 89.000000 3.499992
v 13.445317 113.992188 30.718748
v -13.914065 -5.109375 -20.367186
v -19.085939 -5.109375 -9.664060
v -31.601564 -5.109375 -15.703120
v 15.851566 111.398438 23.281248
v -6.570313 1.148438 -3.617187
v -21.796877 4.640625 -15.828122
v -36.734375 -5.078125 -6.781244
v -0.000001 144.117188 -8.421875
v -17.687500 115.375000 4.437503
v -17.234375 113.679688 4.414065
v -15.835936 111.804688 9.585940
v 11.984376 128.898438 9.437498
v 0.000002 129.171875 15.898438
v 2.398440 124.445312 15.515625
v 8.382814 140.289062 10.718749
v 3.953127 135.281250 13.320312
v 4.546877 120.593750 14.453124
v 2.953127 121.289062 15.468750
v 10.648439 137.406250 9.976561
v 11.609376 139.609375 9.367186
v 15.445313 128.796875 7.664060
v 14.632813 135.281250 7.999998
v 8.742189 124.031250 12.492187
v 8.437502 119.539062 12.773437
v 2.164065 135.281250 13.968750
v 2.218752 129.125000 15.125000
v 12.039063 123.640625 9.414061
v 15.109376 123.242188 7.671873
v 13.914063 118.796875 7.812498
v 11.304689 118.906250 9.492186
v 3.046877 136.804688 13.476562
v 4.781252 138.921875 12.445312
v 5.687502 137.726562 12.289062
v 8.718752 135.281250 11.687499
v 8.492189 138.546875 10.718749
v 13.453126 137.515625 8.539061
v 8.835939 129.000000 12.351562
v 3.992190 129.085938 14.078124
v 4.171877 124.296875 14.468749
v 16.546875 135.281250 3.203123
v 11.429689 135.281250 9.632811
v 12.007806 61.992188 -43.835938
v 8.585931 68.773438 -44.375000
v -0.000007 64.328125 -47.046875
v 4.289057 66.851562 -38.976562
v -3.015631 63.843750 -41.507812
v -0.000006 74.945312 -42.828125
v -0.000006 67.937500 -39.664062
v 6.039055 66.757812 -46.789062
v -4.289068 66.851562 -38.976562
v -8.585944 68.773438 -44.375000
v 3.015619 63.843750 -41.507812
v -6.000006 63.460938 -38.203125
v -0.000007 53.062500 -45.218750
v -0.000007 57.648438 -48.257812
v -8.726569 58.578125 -46.789062
v -6.039070 66.757812 -46.789062
v -21.945316 36.789062 -27.874996
v -20.984379 38.296875 -23.882809
v -10.078122 51.507812 16.726564
v 0.000003 50.351562 20.570312
v -0.000005 63.906250 -35.953125
v -20.796875 42.351562 -1.093747
v 10.078128 51.507812 16.726561
v -16.343748 53.718750 8.531253
v -9.257815 26.390625 -19.390623
v -8.750004 65.226562 -26.460936
v -13.328127 67.078125 -9.585936
v 12.195313 37.914062 7.421873
v -18.390631 48.453125 -37.039059
v -11.632817 30.492188 -32.695312
v -12.007819 61.992188 -43.835938
v -15.031256 40.156250 -36.242184
v -15.757817 35.296875 -32.546871
v -9.585943 46.718750 -40.687500
v 8.726556 58.578125 -46.789062
v -12.015630 36.148438 -32.609375
v 5.999994 63.460938 -38.203125
v -11.265626 30.453125 -4.929686
v -12.195312 37.914062 7.421877
v 20.226562 60.703125 -3.625003
v 13.335936 67.078125 -9.585939
v -20.218750 60.703125 -3.624997
v -0.000004 68.210938 -27.296875
v -0.000002 70.656250 -11.882812
v -25.804691 46.351562 -23.171871
v -25.726564 51.765625 -14.242184
v -0.000000 28.289062 -2.179688
v -9.140627 28.960938 -15.406249
v -15.007815 28.765625 -16.992186
v -18.289064 33.132812 -18.382811
v -19.515627 33.921875 -16.304684
v 25.726561 51.765625 -14.242191
v 20.312496 57.992188 -21.406254
v 8.749996 65.226562 -26.460939
v 16.343752 53.718750 8.531247
v -10.703130 36.992188 -34.218750
v -19.132816 38.531250 -30.234371
v -0.000004 27.460938 -28.828125
v -21.570316 33.820312 -21.156246
v -23.390629 39.906250 -23.249996
v -8.585942 62.531250 -33.554688
v -20.304691 57.992188 -21.406246
v 18.289061 33.132812 -18.382814
v -0.000005 65.609375 -33.414062
v 9.140623 28.960938 -15.406251
v 25.804684 46.351562 -23.171879
v 19.367184 39.781250 -30.851566
v -19.367191 39.781250 -30.851559
v 21.570309 33.820312 -21.156254
v -20.742189 36.234375 -11.632810
v 20.749998 36.234375 -11.632815
v -21.453127 35.968750 -18.874996
v -22.585941 40.125000 -26.281246
v 23.390621 39.906250 -23.250004
v 15.007810 28.765625 -16.992189
v 12.820310 30.429688 -19.671877
v 11.265624 30.453125 -4.929689
v 20.796875 42.351562 -1.093753
v -0.000007 46.039062 -44.429688
v 8.476556 53.664062 -43.664062
v -0.000002 26.250000 -14.156250
v -6.437503 28.976562 -21.765623
v 6.765620 33.281250 -31.648439
v -6.765630 33.281250 -31.648436
v -14.296877 29.898438 -14.124998
v 6.765619 60.140625 -36.976562
v 19.234369 57.593750 -31.992191
v 13.531244 55.757812 -40.781254
v 8.585933 62.531250 -33.554688
v 23.234371 53.265625 -29.468754
v 10.703120 36.992188 -34.218750
v -0.000006 34.148438 -37.343750
v 9.585932 46.718750 -40.687500
v -23.234379 53.265625 -29.468746
v -13.531256 55.757812 -40.781246
v 0.000002 36.882812 10.406250
v 15.031244 40.156250 -36.242191
v 18.398432 48.453125 -37.039066
v -6.765631 60.140625 -36.976562
v -19.234381 57.593750 -31.992184
v 6.437497 28.976562 -21.765627
v 9.257810 26.390625 -19.390627
v 22.585934 40.125000 -26.281254
v 21.453123 35.968750 -18.875004
v 19.515623 33.921875 -16.304691
v 14.296873 29.898438 -14.125002
v -8.468757 53.664062 -43.664062
v 11.632808 30.492188 -32.695312
v 12.015620 36.148438 -32.609375
v 20.984371 38.296875 -23.882816
v 21.945309 36.789062 -27.875004
v 15.757808 35.296875 -32.546879
v -3.046873 136.804688 13.476562
v -14.632812 135.281250 8.000002
v -13.453124 137.515625 8.539064
v -11.429686 135.281250 9.632814
v -1.695310 137.859375 13.625000
v -2.164060 135.281250 13.968750
v -3.945311 135.281250 13.320313
v -11.984374 128.898438 9.437502
v -8.742186 124.031250 12.492188
v -12.031249 123.640625 9.414064
v -13.914062 118.796875 7.812502
v -15.109374 123.242188 7.671877
v -4.164060 124.296875 14.468751
v -11.601562 139.609375 9.367189
v -8.382811 140.289062 10.718751
v -5.679686 137.726562 12.289063
v -3.742186 140.507812 12.312501
v -8.273436 142.250000 10.070313
v -14.101562 140.023438 6.640627
v -16.546875 135.281250 3.203127
v -15.445312 128.796875 7.664065
v 0.000002 135.281250 14.609375
v -8.835936 129.000000 12.351563
v -8.492186 138.546875 10.718751
v -10.640623 137.406250 9.976564
v 0.000002 124.531250 16.304688
v -2.390623 124.445312 15.515625
v -3.992185 129.085938 14.078126
v -2.210935 129.125000 15.125000
v -8.718748 135.281250 11.687501
v -4.781248 138.921875 12.445313
v 18.851559 21.070312 -27.031252
v 12.132811 81.921875 -13.289064
v 8.804687 95.859375 -4.835939
v 20.085939 81.710938 6.585935
v 15.414063 81.398438 9.335936
v 15.499999 89.843750 -7.562502
v 2.304690 79.812500 19.109375
v -81.351562 73.867188 -8.632800
v -77.328125 74.078125 -2.749988
v -77.054688 77.015625 -4.984364
v -83.132812 73.734375 -7.781238
v -76.734375 71.359375 -5.179676
v -81.945312 76.585938 -6.195300
v -82.226562 73.656250 -3.960925
v -16.335938 2.554688 1.070315
v -14.164061 0.093750 15.515627
v -10.367187 -5.078125 5.945314
v -10.367187 0.625000 5.945314
v -12.820310 -2.570312 16.148439
v -14.164061 -5.046875 15.515627
v -41.867188 0.093750 2.132819
v -9.023437 -2.062500 6.585939
v -10.015628 8.515625 -17.156248
v -10.015628 4.640625 -15.828123
v -12.960939 8.796875 -12.062498
v -38.078125 -2.062500 -7.437494
v -43.210938 -2.570312 1.476569
v -18.851566 21.070312 -27.031248
v -21.796879 22.601562 -21.593746
v -36.734375 0.625000 -6.781244
v -21.796877 8.515625 -17.156246
v -12.960941 8.242188 -22.249998
v -23.554688 -5.078125 -0.414059
v -18.851564 8.796875 -12.062497
v -12.960939 4.585938 -10.695311
v -28.015623 0.968750 8.820316
v -29.062500 2.578125 -5.507808
v -18.851566 14.906250 -24.632811
v -12.960941 14.906250 -24.632811
v -12.960941 21.070312 -27.031248
v -19.703123 0.523438 12.835940
v -23.437500 2.781250 -0.929684
v -10.015628 19.640625 -20.578123
v -18.851564 21.078125 -15.882810
v -18.851566 8.242188 -22.249998
v -18.851564 17.265625 -14.687497
v -12.960939 17.265625 -14.687498
v -21.796879 19.640625 -20.578121
v -18.953129 33.679688 -30.070309
v -10.015628 15.976562 -19.382811
v -15.359372 -0.492188 16.578127
v -19.679686 -0.492188 15.914065
v -12.640630 33.117188 -32.382809
v -18.851564 4.585938 -10.695310
v -21.796879 15.976562 -19.382809
v -71.437500 83.492188 1.835948
v -70.335938 88.523438 -6.476552
v -66.898438 90.539062 -5.124990
v -62.828125 88.554688 4.546885
v -56.945312 82.937500 -7.265616
v -83.789062 90.195312 -4.679675
v -66.367188 89.671875 1.531260
v -70.429688 88.375000 1.109386
v -83.601562 87.445312 -7.296863
v -85.718750 86.015625 -5.234362
v -84.179688 84.437500 -5.062487
v -84.375000 87.179688 -2.445300
v -68.648438 90.320312 -2.429677
v -72.531250 89.515625 -2.312489
v -72.781250 83.625000 -3.437489
v -77.750000 87.000000 -5.804676
v -78.523438 86.734375 -0.953113
v -77.898438 89.796875 -3.179676
v -73.109375 86.179688 0.070324
v -71.039062 89.867188 -2.421864
v -73.234375 83.406250 0.054699
v -78.421875 83.921875 -3.679676
v -78.898438 80.210938 -1.249988
v -70.484375 84.218750 -7.515615
v -72.414062 86.546875 -6.124989
v -73.257812 80.421875 -0.203114
v -72.640625 77.781250 -3.539052
v -37.718750 73.257812 -5.039057
v -32.304688 73.617188 -5.031245
v -37.031250 87.937500 3.039068
v -78.421875 83.429688 -3.679676
v -37.031250 73.289062 3.375005
v -32.992188 73.640625 3.187505
v -53.593750 80.171875 -11.656242
v -53.593750 89.000000 3.500008
v -34.335938 80.976562 -1.132807
v -53.593750 80.242188 7.867196
v -53.593750 71.414062 -6.640617
v -78.320312 77.554688 -4.078113
v -53.593750 71.453125 3.437508
v -38.296875 80.570312 -9.226557
v -53.593750 88.960938 -6.578117
v -37.718750 87.914062 -4.992182
v -72.460938 83.937500 -6.562489
v -77.968750 80.671875 -6.624988
v -58.242188 87.515625 -1.023429
v -44.750000 87.500000 -1.015618
v -58.312500 84.960938 2.234384
v -44.750000 84.953125 2.234382
v -58.609375 78.921875 2.187509
v -44.750000 78.945312 2.187507
v -58.664062 76.640625 -0.999991
v -44.750000 76.625000 -0.999993
v -58.593750 78.546875 -4.117178
v -44.750000 78.539062 -4.117181
v -58.296875 84.593750 -4.124991
v -44.750000 84.585938 -4.117181
v -37.031250 80.625000 6.968756
v -6.640626 103.070312 -5.203124
v 7.281250 101.226562 0.937499
v 6.679687 108.234375 -7.000001
v -0.000002 108.718750 -11.625000
v -7.546875 106.835938 0.421876
v -0.000001 103.156250 -9.296875
v -6.679688 108.234375 -6.999999
v -0.000000 107.625000 -1.445312
v 7.414062 107.937500 -3.125001
v 7.546875 106.835938 0.421874
v -7.281250 101.226562 0.937501
v -7.414063 107.937500 -3.124999
v 81.632812 70.929688 -6.390637
v 82.226562 73.656250 -3.960950
v 76.734375 71.359375 -5.179699
v 77.054688 77.015625 -4.984386
v 83.132812 73.734375 -7.781262
v 83.570312 73.625000 -5.445325
v 83.429688 75.093750 -6.562512
v 83.273438 72.265625 -6.664075
v 81.953125 76.585938 -6.195325
v 81.351562 73.867188 -8.632825
v 71.421875 74.929688 -7.289073
v 76.460938 74.296875 -7.421886
v 72.640625 77.781250 -3.539073
v 71.601562 71.710938 -4.257823
v 72.789062 74.445312 -1.242198
v 77.335938 74.078125 -2.750012
v 62.296875 77.421875 4.414053
v 63.632812 84.023438 -8.320322
v 70.484375 84.218750 -7.515635
v 73.273438 77.570312 -0.304699
v 70.140625 73.156250 0.687489
v 56.843750 82.617188 2.335929
v 61.007812 71.898438 -3.140634
v 69.023438 71.257812 -3.632823
v 68.843750 73.218750 -7.945323
v 59.187500 74.031250 -7.218759
v 72.781250 83.625000 -3.437511
v 62.828125 88.554688 4.546865
v 70.429688 88.375000 1.109364
v 61.796875 94.398438 -2.523447
v 61.093750 91.718750 1.914053
v 59.515625 90.109375 -5.515634
v 59.585938 93.570312 -2.093759
v 66.898438 90.539062 -5.125010
v 62.492188 91.335938 -5.875010
v 65.953125 92.078125 -5.054698
v 63.937500 92.609375 1.421865
v 71.039062 89.867188 -2.421886
v 72.421875 86.546875 -6.125011
v 72.531250 89.515625 -2.312511
v 66.367188 89.671875 1.531240
v 77.898438 89.796875 -3.179699
v 73.109375 86.179688 0.070301
v 70.335938 88.523438 -6.476573
v 63.203125 88.835938 -6.593760
v 84.187500 84.437500 -5.062513
v -0.000003 73.906250 -20.234375
v 12.585935 72.140625 -18.476564
v 85.523438 88.890625 -5.046888
v 85.718750 86.015625 -5.234388
v 84.375000 87.179688 -2.445325
v 78.421875 83.921875 -3.679699
v 78.523438 86.734375 -0.953137
v 83.789062 90.195312 -4.679700
v -0.000003 78.585938 -17.414062
v 77.750000 87.000000 -5.804699
v 83.601562 87.445312 -7.296887
v 85.429688 87.515625 -6.351575
v 85.812500 87.382812 -3.929700
v 12.359372 76.710938 -15.882814
v 16.695311 75.562500 -14.960940
v 21.023436 74.406250 -14.031253
v 36.328125 0.523438 4.804682
v 14.164064 -5.046875 15.515623
v 41.875000 -5.046875 2.132806
v 38.757812 -5.109375 6.695307
v 14.164064 0.093750 15.515623
v 40.460938 -2.898438 7.867181
v 41.960938 -5.109375 3.726556
v 19.710939 0.523438 12.835935
v 19.679689 -0.492188 15.914060
v 15.359378 -0.492188 16.578123
v 41.875000 0.093750 2.132806
v 28.023439 -5.046875 8.820309
v 28.664064 -5.109375 15.031245
v 34.898438 -5.109375 8.453119
v 43.976562 -2.898438 4.609368
v 41.960938 -0.492188 3.726556
v 34.898438 -0.492188 8.453119
v 36.226562 -2.898438 9.789057
v 19.679689 -5.109375 15.914060
v 28.023439 0.968750 8.820309
v 14.804690 -2.898438 18.703123
v 23.554688 -5.078125 -0.414066
v 23.453127 -0.492188 13.984371
v 23.437500 2.781250 -0.929691
v 23.453127 -5.109375 13.984371
v 15.359378 -5.109375 16.578123
v 38.757812 -0.492188 6.695307
v 16.437498 80.640625 -12.234378
v 16.953123 70.796875 -17.679689
v 21.320311 69.460938 -16.882816
v 20.734373 79.351562 -11.179690
v 10.367188 0.625000 5.945311
v 19.085936 -5.109375 -9.664065
v 10.367188 -5.078125 5.945311
v 6.570312 1.148438 -3.617188
v 43.210938 -2.570312 1.476556
v 5.234375 -1.546875 -2.968751
v 9.023438 -2.062500 6.585936
v 36.734375 -5.078125 -6.781256
v 32.484379 -0.492188 13.187495
v 28.664064 -0.492188 15.031245
v 19.539064 -2.898438 17.976559
v 12.820315 -2.570312 16.148436
v 18.851561 4.585938 -10.695315
v 16.335938 2.554688 1.070310
v 38.078125 -2.062500 -7.437506
v 21.796873 4.640625 -15.828128
v 29.062500 2.578125 -5.507817
v 36.734375 0.625000 -6.781256
v -15.414062 81.398438 9.335939
v -19.679686 -5.109375 15.914065
v -41.867188 -5.046875 2.132819
v -19.539061 -2.898438 17.976566
v -20.085938 74.976562 2.695316
v -40.460938 -2.898438 7.867194
v -38.757812 -0.492188 6.695318
v -36.328125 0.523438 4.804693
v -23.671873 -2.898438 15.859379
v -28.664061 -0.492188 15.031255
v -43.976562 -2.898438 4.609382
v -14.796872 -2.898438 18.703127
v -41.960938 -0.492188 3.726569
v -15.359372 -5.109375 16.578127
v -28.015623 -5.046875 8.820316
v -41.960938 -5.109375 3.726569
v -36.226562 -2.898438 9.789068
v -32.476559 -0.492188 13.187505
v -33.578121 -2.898438 14.984380
v -29.390623 -2.898438 17.007816
v -23.453123 -0.492188 13.984379
v 32.484379 -5.109375 13.187495
v 23.679689 -2.898438 15.859371
v 33.578129 -2.898438 14.984370
v 29.390627 -2.898438 17.007809
v -38.757812 -5.109375 6.695318
v -34.898438 -5.109375 8.453131
v -32.476559 -5.109375 13.187505
v -28.664061 -5.109375 15.031255
v -23.453123 -5.109375 13.984379
v -34.898438 -0.492188 8.453131
v -8.726563 90.085938 -4.343749
v -20.085939 81.656250 -8.867185
v -11.828126 73.148438 -6.968748
v -20.085938 88.390625 -4.976560
v -13.531249 88.234375 4.179689
v -20.085936 81.710938 6.585940
v -20.085938 88.414062 2.742191
v -7.218750 93.859375 -1.617186
v -32.992188 80.664062 6.812505
v -32.992188 87.656250 2.898443
v -32.304688 87.632812 -4.976558
v -31.734377 80.609375 -8.945308
v -20.085938 74.945312 -5.023435
v -68.843750 73.218750 -7.945302
v -76.453125 74.296875 -7.421864
v -72.031250 77.859375 -6.859364
v -70.140625 73.156250 0.687511
v -71.210938 76.781250 2.210948
v -62.796875 82.890625 3.757822
v -73.273438 77.570312 -0.304676
v -72.187500 80.648438 -6.515614
v -63.632812 84.023438 -8.320303
v -69.882812 78.015625 -8.234365
v -71.593750 71.710938 -4.257802
v -57.859375 72.843750 -2.640616
v -69.968750 95.007812 0.539073
v -69.726562 93.929688 -4.929677
v -71.812500 92.000000 -2.140614
v -63.937500 92.609375 1.421885
v -66.617188 93.414062 0.546885
v -67.593750 97.039062 -2.874990
v -64.203125 95.140625 -2.812490
v -72.140625 96.671875 -5.953114
v -71.421875 74.929688 -7.289052
v -69.023438 71.257812 -3.632802
v -61.007812 71.898438 -3.140616
v -70.312500 99.507812 -3.976552
v -72.343750 97.585938 -1.281239
v -74.195312 97.335938 -3.726551
v -74.171875 94.750000 -3.257801
v -61.765625 73.414062 1.906259
v -72.781250 74.445312 -1.242177
v -73.359375 98.632812 -2.726552
v -73.257812 98.171875 -5.062489
v -72.414062 99.468750 -4.062489
v -57.070312 77.242188 3.242196
v -62.296875 77.421875 4.414072
v -59.179688 74.031250 -7.218741
v -21.023439 74.406250 -14.031247
v -61.796875 94.398438 -2.523428
v -59.585938 93.570312 -2.093741
v -16.695314 75.562500 -14.960935
v -12.585940 72.140625 -18.476561
v -61.093750 91.718750 1.914072
v -58.617188 90.164062 2.312509
v -63.203125 88.835938 -6.593740
v -65.953125 92.078125 -5.054677
v -62.492188 91.335938 -5.874990
v -21.320314 69.460938 -16.882809
v -16.953127 70.796875 -17.679686
v -12.359378 76.710938 -15.882811
v -58.828125 74.132812 1.929696
v -56.843750 82.617188 2.335946
v -20.734377 79.351562 -11.179685
v -54.742188 81.820312 -1.781242
v -63.242188 77.914062 -8.453115
v -57.320312 88.140625 -5.476554
v -57.101562 91.929688 -1.726554
v -55.257812 87.929688 -1.656242
v -57.203125 87.773438 3.515634
v -62.375000 73.398438 -7.171865
v -55.351562 75.843750 -1.945304
v -57.218750 76.468750 -7.156241
v -59.515625 90.109375 -5.515616
v -0.000002 83.671875 -14.593750
v -7.257812 97.187500 2.656251
v -0.000001 98.843750 -8.039062
v 0.000001 92.953125 7.382812
v 7.257813 97.187500 2.656249
v -0.000001 94.585938 -6.781250
v -85.523438 88.890625 -5.046862
v 6.640624 103.070312 -5.203126
v 6.929687 98.414062 -3.406251
v -85.421875 87.515625 -6.351550
v -85.812500 87.382812 -3.929675
v 0.000001 98.390625 4.726562
v 0.000001 95.671875 6.054688
v -6.929688 98.414062 -3.406249
v 84.320312 80.359375 -8.335950
v 71.437500 83.492188 1.835927
v 71.210938 76.781250 2.210927
v 77.976562 80.671875 -6.625012
v 72.187500 80.648438 -6.515636
v 72.031250 77.859375 -6.859386
v 73.257812 80.421875 -0.203136
v 78.906250 80.210938 -1.250012
v 78.421875 83.429688 -3.679699
v 84.906250 83.109375 -5.500013
v 73.234375 83.406250 0.054676
v 62.796875 82.890625 3.757803
v -12.960940 21.078125 -15.882811
v 86.851562 80.156250 -4.476576
v 86.539062 78.562500 -6.054700
v 85.250000 80.085938 -2.960950
v 84.664062 77.250000 -5.789075
v 78.320312 77.554688 -4.078137
v 69.890625 78.015625 -8.234385
v 72.460938 83.937500 -6.562511
v 68.648438 90.320312 -2.429698
v 86.367188 80.234375 -7.328138
v 86.648438 81.804688 -5.859388
v 71.812500 92.000000 -2.140636
v 66.625000 93.414062 0.546865
v 64.203125 95.140625 -2.812510
v 74.195312 97.335938 -3.726574
v 73.359375 98.632812 -2.726573
v 69.968750 95.007812 0.539052
v 67.601562 97.039062 -2.875010
v 70.320312 99.507812 -3.976573
v 69.726562 93.929688 -4.929698
v 72.421875 99.468750 -4.062511
v 73.257812 98.171875 -5.062511
v 72.140625 96.671875 -5.953136
v 74.171875 94.750000 -3.257824
v 72.351562 97.585938 -1.281261
v 20.085938 74.945312 -5.023440
v 33.000000 87.656250 2.898432
v 9.312499 81.937500 -7.500001
v -15.500001 89.843750 -7.562498
v -16.429689 80.640625 -12.234372
v 8.734374 90.085938 -4.343751
v 20.085936 81.656250 -8.867190
v 11.828124 73.148438 -6.968752
v 20.070312 68.101562 0.640622
v -83.429688 75.093750 -6.562488
v -83.570312 73.625000 -5.445300
v -12.398437 91.148438 7.265627
v -12.132814 81.921875 -13.289061
v -81.632812 70.929688 -6.390613
v -83.265625 72.265625 -6.664050
v 37.031250 73.289062 3.374995
v 33.000000 73.640625 3.187495
v 20.085938 88.414062 2.742184
v 33.000000 80.664062 6.812495
v 37.031250 87.937500 3.039057
v 20.085938 88.390625 -4.976565
v 32.304688 87.632812 -4.976567
v 31.734373 80.609375 -8.945317
v 32.304688 73.617188 -5.031255
v 38.296875 80.570312 -9.226568
v 53.593750 88.960938 -6.578133
v 37.718750 87.914062 -4.992193
v 53.593750 80.171875 -11.656258
v 53.593750 71.453125 3.437492
v 20.085938 74.976562 2.695309
v 37.718750 73.257812 -5.039068
v 21.796873 8.515625 -17.156254
v 10.015622 4.640625 -15.828127
v -84.906250 83.109375 -5.499987
v 16.914059 -5.109375 -27.546877
v 5.335934 -1.546875 -23.445312
v 6.429684 -5.109375 -22.484377
v -84.320312 80.359375 -8.335925
v -86.539062 78.562500 -6.054675
v 11.671871 2.304688 -25.015627
v 12.960935 4.695312 -20.960939
v -85.250000 80.085938 -2.960925
v -84.664062 77.250000 -5.789050
v -86.851562 80.156250 -4.476549
v 12.960934 8.242188 -22.250002
v 3.374998 -1.078125 -16.070312
v 4.585935 -5.109375 -15.859376
v 13.914060 -5.109375 -20.367189
v 11.671871 -5.109375 -25.015627
v -86.359375 80.234375 -7.328112
v -86.648438 81.804688 -5.859362
v 4.585935 1.976562 -15.859376
v 6.429684 1.476562 -22.484377
v 10.882809 1.296875 -26.648439
v 10.164059 -1.898438 -28.132814
v 16.914059 1.476562 -27.546877
v 23.242184 1.976562 -24.875004
v 23.835934 -1.078125 -25.953129
v 9.046871 1.945312 -23.750002
v 10.882809 -5.109375 -26.648439
v 23.242184 -5.109375 -24.875004
v 32.945309 -1.546875 -16.351568
v 31.601561 1.148438 -15.703130
v 18.851559 4.695312 -20.960939
v 31.601561 -5.109375 -15.703130
v 6.570312 -5.109375 -3.617188
v 12.960936 4.585938 -10.695314
v 18.851561 8.796875 -12.062503
v 21.796871 15.976562 -19.382816
v 21.796871 19.640625 -20.578129
v 14.289059 1.945312 -26.281252
v 16.835934 -1.546875 -29.000002
v -9.015622 72.437500 19.117189
v 6.921877 80.664062 15.851562
v -2.304685 79.812500 19.109375
v 0.000003 80.234375 19.218750
v -5.546872 79.539062 18.562500
v -15.226562 90.476562 7.992190
v 12.398438 91.148438 7.265623
v 5.546878 79.539062 18.562500
v -6.921873 80.664062 15.851563
v 13.531251 88.234375 4.179686
v 9.015628 72.437500 19.117186
v 10.078126 94.703125 7.460936
v 10.859376 91.828125 6.539061
v -10.070312 94.703125 7.460939
v -10.109376 91.460938 -8.039061
v 57.320312 88.140625 -5.476571
v 10.015622 22.601562 -21.593752
v 10.015622 19.640625 -20.578127
v 57.203125 87.773438 3.515616
v 58.617188 90.164062 2.312491
v 56.953125 82.937500 -7.265634
v 55.257812 87.929688 -1.656258
v 63.242188 77.914062 -8.453135
v 57.218750 76.468750 -7.156259
v 54.750000 81.820312 -1.781258
v 55.351562 75.843750 -1.945321
v 62.375000 73.398438 -7.171885
v 57.101562 91.929688 -1.726571
v 10.015622 15.976562 -19.382814
v 12.960934 14.906250 -24.632814
v 18.851559 8.242188 -22.250002
v 18.851559 14.906250 -24.632814
v 12.960935 21.078125 -15.882814
v 18.851561 24.195312 -16.898439
v 61.773438 73.414062 1.906241
v 58.828125 74.132812 1.929679
v 12.960936 8.796875 -12.062502
v 18.851561 17.265625 -14.687503
v 12.960934 21.070312 -27.031252
v 10.015622 8.515625 -17.156252
v 18.851561 21.078125 -15.882815
v 12.960936 17.265625 -14.687502
v 57.078125 77.242188 3.242179
v 57.867188 72.843750 -2.640634
v 21.914059 33.257812 -24.281254
v -8.820311 103.171875 14.304688
v 6.296876 103.171875 7.328124
v 21.796871 22.601562 -21.593754
v 0.000002 101.726562 11.734375
v -7.624998 102.171875 12.632813
v 19.140621 38.531250 -30.234379
v 9.445314 99.835938 14.328124
v 5.695315 98.500000 17.695312
v -9.437498 99.835938 14.328126
v 10.015627 101.414062 14.734373
v 9.804688 107.234375 9.078123
v -4.609373 99.953125 16.015625
v -5.148435 100.156250 18.273438
v 0.000001 102.562500 7.054688
v 4.609377 99.953125 16.015625
v 5.148440 100.156250 18.273438
v 0.000003 98.890625 17.109375
v 5.937502 97.570312 15.953124
v 0.000002 97.429688 13.273438
v 12.960935 24.195312 -16.898439
v -6.289062 103.171875 7.328126
v -5.695310 98.500000 17.695312
v -10.007811 101.414062 14.734377
v 17.195312 114.171875 -0.843753
v 11.203126 106.476562 9.296873
v 9.562496 30.976562 -26.984377
v 12.640620 33.117188 -32.382816
v 18.953121 33.679688 -30.070316
v 0.000003 97.515625 18.710938
v 6.343752 98.812500 13.898437
v 8.820314 103.171875 14.304687
v 7.625002 102.171875 12.632812
v 8.406251 105.835938 8.007812
v 0.000003 99.281250 19.265625
v -10.257812 104.937500 8.593752
v -6.343748 98.812500 13.898438
v -5.929685 97.570312 15.953126
v 0.000002 96.734375 16.101562
v -2.304677 79.859375 19.109381
v -11.249989 86.984375 19.320318
v 0.000011 82.164062 21.226568
v -2.078114 81.710938 21.351568
v -3.648427 78.507812 22.242193
v -7.124992 70.492188 25.062506
v -10.195301 86.539062 21.726568
v -10.281241 70.765625 23.304693
v -11.523429 70.164062 25.375004
v -10.726555 72.054688 26.960943
v -8.960929 75.140625 27.273443
v -8.749991 73.171875 27.421881
v -6.687490 78.875000 24.765631
v -12.507803 73.070312 24.257816
v -11.562490 72.710938 22.515629
v -3.742177 79.593750 23.335943
v -5.742178 80.007812 25.117191
v -11.390615 83.546875 18.429693
v -9.749990 77.062500 19.937506
v -9.124990 78.390625 24.562506
v -9.445302 83.429688 23.289068
v -5.945303 78.257812 25.757816
v -3.999991 73.343750 25.953129
v -3.468739 84.812500 19.710943
v 0.000010 77.570312 19.859381
v -4.445302 83.601562 17.664068
v -7.117176 85.273438 17.656256
v -6.679677 77.132812 18.484381
v -12.531240 83.937500 20.281256
v -11.476553 77.257812 21.773443
v -3.867178 72.429688 21.781254
v -11.210927 83.968750 22.562506
v -3.609365 79.093750 24.781256
v -3.945302 80.640625 23.781256
v -4.281239 84.500000 22.046881
v -11.156241 73.906250 26.281256
v -8.031241 69.992188 25.484381
v -2.984366 72.234375 24.390629
v -7.335927 86.773438 21.453133
v 9.445323 83.429688 23.289068
v 7.335948 86.773438 21.453131
v 8.750009 73.171875 27.421881
v 10.726570 72.054688 26.960943
v 12.507822 73.070312 24.257818
v 3.742198 79.593750 23.335945
v 11.562510 72.710938 22.515631
v 5.742197 80.007812 25.117195
v 11.382823 83.546875 18.429695
v 9.750010 77.062500 19.937506
v 11.476572 77.257812 21.773443
v 6.773447 76.375000 26.312506
v 12.523448 83.937500 20.281258
v 8.960946 75.140625 27.273443
v 10.179697 77.875000 23.078131
v 11.156259 73.906250 26.281256
v 7.117199 85.273438 17.656256
v 8.210947 77.023438 18.812506
v 11.250011 86.984375 19.320320
v 8.070322 78.757812 25.445318
v 5.945322 78.257812 25.757820
v 6.687510 78.875000 24.765631
v 0.000010 78.351562 23.789068
v -0.812490 78.015625 22.140631
v 6.679698 77.132812 18.484381
v 3.867197 72.429688 21.781256
v 7.117196 70.492188 25.062506
v 11.210948 83.968750 22.562508
v 11.523446 70.164062 25.375006
v 8.023446 69.992188 25.484381
v 4.000009 73.343750 25.953131
v 2.984384 72.234375 24.390631
v 10.187511 86.539062 21.726570
v 4.281261 84.500000 22.046883
v 3.468761 84.812500 19.710945
v 0.000010 80.281250 19.218756
v 2.250010 79.812500 19.210943
v -10.187490 77.875000 23.078131
v -9.929677 84.945312 18.117193
v -8.453117 71.757812 26.906256
v -5.601553 74.890625 26.617191
v -6.773428 76.375000 26.312506
v -5.921865 83.476562 23.289068
v -8.273426 85.484375 22.507818
v -2.078115 75.304688 23.132818
v 0.000010 76.109375 19.859381
v 2.078135 76.453125 20.398443
v 3.640635 78.507812 22.242195
v 2.078136 81.710938 21.351568
v -2.078115 76.453125 20.398443
v 0.000009 74.859375 23.257818
v 0.000009 77.250000 25.640631
v 2.078135 75.304688 23.132818
v 2.078135 77.359375 24.976568
v -2.078115 77.359375 24.976568
v -2.078115 80.562500 24.085943
v 0.000010 80.906250 24.625006
v 2.078135 80.562500 24.085943
v -7.460927 82.093750 24.007818
v -8.070303 78.757812 25.445318
v -7.281238 87.296875 18.945320
v -8.210928 77.023438 18.812506
v 3.609385 79.093750 24.781258
v 0.484385 78.195312 22.257818
v 0.000010 79.179688 22.687506
v 4.445323 83.601562 17.664070
v 7.273449 87.296875 18.945318
v 9.929698 84.945312 18.117195
v 5.914073 83.476562 23.289070
v 8.273449 85.484375 22.507818
v 9.125010 78.390625 24.562506
v 5.601572 74.890625 26.617195
v 8.445320 71.757812 26.906256
v 7.460948 82.093750 24.007818
v 3.937510 80.640625 23.781258
v 10.273446 70.765625 23.304693
v 7.388084 120.371307 13.939634
v 5.294334 122.472870 15.861508
v 4.614648 127.691620 14.939634
v 4.880272 124.894745 16.009947
v 4.169335 124.886932 15.111508
v 4.653709 122.082245 14.939633
v 6.364646 120.980682 15.470884
v 5.888084 120.355682 14.494321
v 7.661521 120.988495 14.986509
v 5.263085 127.316620 15.861509
v 6.309960 128.824432 15.470884
v 5.825586 129.433807 14.502134
v 7.325585 129.449432 13.939635
v 8.559960 127.722870 13.494323
v 7.606835 128.832245 14.986510
v 7.309959 124.902557 16.103697
v 8.669334 127.340057 14.603698
v 9.044334 124.918182 13.322448
v 9.091209 124.918182 14.455260
v 8.708397 122.496307 14.603697
v 8.599022 122.113495 13.494322
v -4.880272 124.894745 16.009947
v -4.169334 124.886932 15.111510
v -4.653709 122.082245 14.939634
v -5.294334 122.472870 15.861509
v -5.888084 120.355682 14.494322
v -6.364647 120.980682 15.470884
v -5.263084 127.316620 15.861510
v -7.309959 124.902557 16.103697
v -6.309958 128.824432 15.470884
v -4.614646 127.691620 14.939635
v -5.825583 129.433807 14.502135
v -7.606833 128.832245 14.986509
v -7.325583 129.449432 13.939634
v -8.669334 127.340057 14.603697
v -8.559958 127.722870 13.494322
v -9.091209 124.918182 14.455258
v -9.044334 124.918182 13.322446
v -8.708397 122.496307 14.603696
v -8.599022 122.113495 13.494321
v -7.661522 120.988495 14.986508
v -7.388085 120.371307 13.939633
v -4.687715 131.781189 -38.931923
v -4.248681 136.044968 -37.774086
v -6.291387 135.400192 -35.737617
v -4.033414 140.520813 -35.257866
v -8.421464 130.973206 -34.995033
v -8.087839 134.706009 -33.992775
v -4.558838 143.760727 -23.509895
v -1.924120 145.176086 -25.856394
v -6.456030 142.140091 -27.692802
v -3.039849 143.805832 -30.819904
v -7.861574 138.631165 -31.759464
v -9.839087 150.016266 -20.822531
v 6.346037 144.964523 -24.637646
v -0.434830 153.718353 8.865501
v 8.757031 157.589935 6.077408
v -9.624060 157.582184 6.096324
v -9.123304 152.390457 6.836313
v -0.448883 152.632797 -20.693909
v 7.672565 161.297379 2.921955
v -0.441165 161.801636 -3.391049
v 8.260787 152.395493 6.815653
v 12.428324 150.425369 1.554049
v 5.543258 148.477402 -25.079878
v -0.450651 140.548035 -24.671005
v -7.543635 141.313644 -22.687040
v -12.220517 159.009216 -1.758911
v -8.890996 160.521179 -2.695634
v -7.241997 144.965240 -24.625559
v -6.956787 151.311371 -20.813437
v 9.584941 152.038788 -11.625516
v 11.105738 149.384613 -10.659283
v -0.454185 148.228180 -26.503601
v -6.446043 148.474838 -25.065292
v -0.455774 144.154785 -26.859070
v 11.224755 146.059204 -9.453253
v 5.808634 141.401810 -22.691628
v -10.942352 146.727615 -19.786695
v -10.474378 152.026474 -11.614409
v -0.434040 162.281509 4.470285
v -0.430930 158.397705 8.315323
v 5.890511 135.988235 -14.895575
v -9.931392 139.902679 -6.955548
v -6.773958 135.981674 -14.882625
v -6.777498 141.023865 -16.718622
v -0.442076 154.309555 -12.456342
v 6.125759 151.099518 -20.843206
v 11.346591 159.026703 -1.784158
v -9.936156 144.039246 -8.459765
v -8.541014 161.290863 2.939220
v 9.062103 139.917191 -6.968320
v 7.084876 142.523544 3.000588
v -0.429911 142.980545 5.961100
v -0.435239 148.560638 3.921314
v -7.935044 142.516800 3.010979
v -11.187346 142.793335 -18.186930
v -12.105216 146.059265 -9.440660
v -0.439083 134.430161 -17.438030
v -0.448165 140.019852 -19.481775
v 8.934965 150.025299 -20.840944
v 6.718093 153.131393 -12.021753
v 7.856592 160.478119 -2.599536
v -11.986256 149.376495 -10.645483
v 9.976069 146.736633 -19.803280
v 9.410932 143.088211 -18.177580
v 13.170074 154.812241 0.596754
v 5.891332 141.029480 -16.737986
v 9.063148 144.035751 -8.475468
v 7.072972 147.560440 1.159680
v -14.219444 150.410797 1.578102
v -7.946948 147.553696 1.170070
v -7.480486 153.549240 -11.991053
v -14.039807 154.799667 0.619023
vt 0.573730 0.446777
vt 0.580444 0.433899
vt 0.557190 0.419678
vt 0.553833 0.465698
vt 0.587585 0.476013
vt 0.585449 0.467285
vt 0.941406 0.191406
vt 0.941406 0.191406
vt 0.941406 0.191406
vt 0.941406 0.191406
vt 0.941406 0.191406
vt 0.638672 0.134766
vt 0.574951 0.135132
vt 0.580444 0.099976
vt 0.588562 0.054504
vt 0.675781 0.074219
vt 0.580444 0.099976
vt 0.675781 0.074219
vt 0.588562 0.054504
vt 0.666565 0.906982
vt 0.692200 0.993958
vt 0.712585 0.993958
vt 0.712585 0.993958
vt 0.681702 0.904541
vt 0.731750 0.993958
vt 0.731750 0.993958
vt 0.681702 0.904541
vt 0.813782 0.640991
vt 0.837341 0.660828
vt 0.811584 0.649170
vt 0.184570 0.985168
vt 0.315674 0.958191
vt 0.294434 0.937927
vt 0.666565 0.906982
vt 0.692200 0.993958
vt 0.037231 0.969116
vt 0.039734 0.962280
vt 0.040771 0.969177
vt 0.813782 0.640991
vt 0.811584 0.649170
vt 0.837341 0.660828
vt 0.294434 0.937927
vt 0.315674 0.958191
vt 0.184570 0.985168
vt 0.202148 0.934448
vt 0.140381 0.957336
vt 0.145813 0.939880
vt 0.256653 0.917664
vt 0.304749 0.812195
vt 0.271606 0.926086
vt 0.899414 0.984375
vt 0.917297 0.959595
vt 0.909180 0.998047
vt 0.763550 0.691162
vt 0.775085 0.701965
vt 0.753906 0.708130
vt 0.374268 0.979004
vt 0.315857 0.958313
vt 0.383667 0.958313
vt 0.837341 0.646301
vt 0.714355 0.446228
vt 0.779846 0.457092
vt 0.788025 0.420166
vt 0.830078 0.859985
vt 0.861328 0.919922
vt 0.819641 0.901001
vt 0.909180 0.809570
vt 0.841797 0.800110
vt 0.841797 0.774719
vt 0.912109 0.797852
vt 0.841797 0.760376
vt 0.612549 0.652039
vt 0.580933 0.692444
vt 0.581421 0.672424
vt 0.875610 0.878906
vt 0.903625 0.894531
vt 0.897095 0.943359
vt 0.830078 0.859985
vt 0.861328 0.919922
vt 0.875610 0.878906
vt 0.819641 0.901001
vt 0.912109 0.797852
vt 0.841797 0.760376
vt 0.841797 0.774719
vt 0.897095 0.943359
vt 0.903625 0.894531
vt 0.749390 0.839355
vt 0.888672 0.973633
vt 0.850891 0.953125
vt 0.917297 0.959595
vt 0.383667 0.958313
vt 0.315857 0.958313
vt 0.448242 0.552734
vt 0.386719 0.580444
vt 0.396057 0.610901
vt 0.775085 0.701965
vt 0.788452 0.701416
vt 0.780212 0.688660
vt 0.256653 0.917664
vt 0.271606 0.926086
vt 0.304749 0.812195
vt 0.184204 0.985046
vt 0.294434 0.937927
vt 0.861023 0.712036
vt 0.890015 0.737671
vt 0.885986 0.722168
vt 0.448242 0.552734
vt 0.396057 0.610901
vt 0.386719 0.580444
vt 0.772705 0.625854
vt 0.818970 0.638062
vt 0.547119 0.809143
vt 0.483765 0.809143
vt 0.495972 0.688293
vt 0.547119 0.931885
vt 0.849976 0.648010
vt 0.845520 0.686035
vt 0.838623 0.644104
vt 0.893921 0.680237
vt 0.875488 0.645996
vt 0.910461 0.681396
vt 0.874390 0.668152
vt 0.866699 0.682129
vt 0.876465 0.701660
vt 0.861023 0.712036
vt 0.722290 0.714600
vt 0.742737 0.713684
vt 0.734375 0.719849
vt 0.744446 0.699463
vt 0.726562 0.728760
vt 0.711487 0.728760
vt 0.191956 0.968811
vt 0.197998 0.953735
vt 0.404968 0.688293
vt 0.399231 0.809143
vt 0.308594 0.695312
vt 0.308594 0.695312
vt 0.306213 0.595276
vt 0.404968 0.688293
vt 0.394531 0.443359
vt 0.404297 0.496094
vt 0.438477 0.484375
vt 0.380859 0.462891
vt 0.052856 0.924255
vt 0.073853 0.907166
vt 0.404297 0.496094
vt 0.394531 0.443359
vt 0.438477 0.484375
vt 0.380859 0.462891
vt 0.126648 0.969971
vt 0.244934 0.898499
vt 0.017212 0.908569
vt 0.037903 0.933289
vt 0.017212 0.868835
vt 0.039307 0.954224
vt 0.035950 0.963196
vt 0.043579 0.961304
vt 0.046814 0.974670
vt 0.048157 0.947388
vt 0.038940 0.952637
vt 0.043152 0.952515
vt 0.036072 0.943359
vt 0.052856 0.924255
vt 0.037903 0.933289
vt 0.191956 0.968811
vt 0.197998 0.953735
vt 0.029358 0.947021
vt 0.032837 0.949829
vt 0.032654 0.942017
vt 0.029419 0.943359
vt 0.016235 0.950500
vt 0.048157 0.957336
vt 0.032715 0.962646
vt 0.044800 0.957031
vt 0.391907 0.932251
vt 0.425903 0.958313
vt 0.383667 0.958313
vt 0.458191 0.931885
vt 0.039978 0.984314
vt 0.037903 0.970947
vt 0.035156 0.970093
vt 0.425903 0.958313
vt 0.546570 0.958313
vt 0.383667 0.958313
vt 0.876465 0.701660
vt 0.896729 0.708679
vt 0.853760 0.720398
vt 0.818604 0.706421
vt 0.458191 0.931885
vt 0.448242 0.552734
vt 0.405273 0.538086
vt 0.400940 0.430725
vt 0.462402 0.470581
vt 0.853760 0.720398
vt 0.890015 0.737671
vt 0.818604 0.706421
vt 0.306213 0.595276
vt 0.334351 0.535156
vt 0.298401 0.523438
vt 0.380859 0.554688
vt 0.386719 0.580444
vt 0.911804 0.712585
vt 0.885986 0.722168
vt 0.896729 0.708679
vt 0.722290 0.714600
vt 0.734375 0.719849
vt 0.548767 0.688354
vt 0.495972 0.688293
vt 0.549866 0.551941
vt 0.505493 0.562927
vt 0.472046 0.447083
vt 0.866699 0.682129
vt 0.874390 0.668152
vt 0.742737 0.713684
vt 0.744446 0.699463
vt 0.845520 0.686035
vt 0.814697 0.694885
vt 0.483765 0.809143
vt 0.875488 0.645996
vt 0.893921 0.680237
vt 0.910461 0.681396
vt 0.849976 0.648010
vt 0.294434 0.937927
vt 0.392029 0.931885
vt 0.399231 0.809143
vt 0.043579 0.859802
vt 0.675781 0.072876
vt 0.608765 0.018555
vt 0.729370 0.053528
vt 0.588562 0.054504
vt 0.496094 0.049805
vt 0.496277 0.008118
vt 0.608765 0.018555
vt 0.608765 0.018555
vt 0.675781 0.072876
vt 0.784363 0.085144
vt 0.746094 0.100769
vt 0.729370 0.053528
vt 0.746094 0.100769
vt 0.838928 0.094666
vt 0.864502 0.122559
vt 0.784363 0.085144
vt 0.984558 0.132141
vt 0.838928 0.094666
vt 0.984558 0.108521
vt 0.864502 0.122559
vt 0.296204 0.076172
vt 0.273376 0.034607
vt 0.303772 0.059021
vt 0.273376 0.089233
vt 0.300476 0.039673
vt 0.288940 0.029846
vt 0.273376 0.024170
vt 0.288940 0.029846
vt 0.608765 0.018555
vt 0.675781 0.072876
vt 0.729370 0.053528
vt 0.588562 0.054504
vt 0.784363 0.085144
vt 0.675781 0.072876
vt 0.746094 0.100769
vt 0.729370 0.053528
vt 0.838928 0.094666
vt 0.746094 0.100769
vt 0.864502 0.122559
vt 0.784363 0.085144
vt 0.984558 0.132141
vt 0.984558 0.108521
vt 0.296204 0.076172
vt 0.303772 0.059021
vt 0.300476 0.039673
vt 0.746094 0.100769
vt 0.724182 0.119507
vt 0.864502 0.122559
vt 0.676514 0.072632
vt 0.496094 0.100891
vt 0.496094 0.135742
vt 0.881042 0.144775
vt 0.984558 0.182617
vt 0.901733 0.179565
vt 0.984558 0.151794
vt 0.648438 0.104675
vt 0.724182 0.119507
vt 0.676514 0.072632
vt 0.746094 0.100769
vt 0.864502 0.122559
vt 0.648438 0.104675
vt 0.638672 0.134766
vt 0.400940 0.430725
vt 0.462402 0.470581
vt 0.023132 0.959900
vt 0.030396 0.961121
vt 0.334351 0.535156
vt 0.298401 0.523438
vt 0.984558 0.132141
vt 0.881042 0.144775
vt 0.604980 0.453125
vt 0.611877 0.460327
vt 0.584961 0.459961
vt 0.615967 0.465332
vt 0.558289 0.457642
vt 0.534058 0.431091
vt 0.521484 0.376953
vt 0.511780 0.376282
vt 0.543457 0.427246
vt 0.526184 0.436401
vt 0.501770 0.378906
vt 0.620117 0.431152
vt 0.641418 0.382751
vt 0.627441 0.384277
vt 0.631592 0.435486
vt 0.651917 0.383179
vt 0.641174 0.439575
vt 0.315857 0.958313
vt 0.565430 0.451660
vt 0.593750 0.448730
vt 0.582520 0.446289
vt 0.600464 0.424500
vt 0.608398 0.489990
vt 0.608032 0.494995
vt 0.624329 0.494568
vt 0.592590 0.495544
vt 0.608032 0.509705
vt 0.636597 0.508423
vt 0.606934 0.570923
vt 0.569092 0.543518
vt 0.564697 0.572571
vt 0.607361 0.542542
vt 0.315857 0.958313
vt 0.556641 0.394531
vt 0.755005 0.655090
vt 0.715698 0.420166
vt 0.674011 0.448669
vt 0.679504 0.415222
vt 0.947571 0.468689
vt 0.938354 0.456970
vt 0.881592 0.459167
vt 0.976135 0.448669
vt 0.331360 0.227173
vt 0.380859 0.203125
vt 0.371704 0.189453
vt 0.331360 0.242798
vt 0.412476 0.340210
vt 0.331360 0.315063
vt 0.331360 0.341125
vt 0.412720 0.315063
vt 0.377563 0.128906
vt 0.380859 0.203125
vt 0.371704 0.189453
vt 0.391235 0.118469
vt 0.403625 0.111328
vt 0.394897 0.230591
vt 0.331360 0.315063
vt 0.412476 0.340210
vt 0.331360 0.341125
vt 0.412720 0.315063
vt 0.941406 0.191406
vt 0.941406 0.191406
vt 0.941406 0.191406
vt 0.941406 0.191406
vt 0.883850 0.477905
vt 0.825623 0.457520
vt 0.813416 0.476990
vt 0.824219 0.415222
vt 0.377563 0.128906
vt 0.391235 0.118469
vt 0.891113 0.638184
vt 0.849121 0.614746
vt 0.853516 0.585938
vt 0.791748 0.556641
vt 0.646240 0.908875
vt 0.564575 0.908875
vt 0.564575 0.993958
vt 0.783936 0.568359
vt 0.331970 0.425659
vt 0.849121 0.614746
vt 0.803467 0.545166
vt 0.853516 0.585938
vt 0.791748 0.556641
vt 0.830566 0.559570
vt 0.891113 0.638184
vt 0.331970 0.425659
vt 0.730591 0.619507
vt 0.714478 0.628418
vt 0.763245 0.632019
vt 0.679993 0.622986
vt 0.839172 0.820923
vt 0.749329 0.779297
vt 0.749329 0.800781
vt 0.841797 0.800110
vt 0.273804 0.061218
vt 0.238831 0.058228
vt 0.255737 0.090881
vt 0.255554 0.025635
vt 0.431824 0.380127
vt 0.430908 0.380371
vt 0.430908 0.380127
vt 0.431824 0.380371
vt 0.740479 0.663452
vt 0.721497 0.678528
vt 0.686890 0.713684
vt 0.765015 0.647278
vt 0.811890 0.667969
vt 0.723206 0.641174
vt 0.726929 0.621521
vt 0.772400 0.632080
vt 0.667969 0.648438
vt 0.650574 0.644043
vt 0.573364 0.682007
vt 0.699219 0.699219
vt 0.721497 0.678528
vt 0.814697 0.694885
vt 0.780212 0.688660
vt 0.755005 0.655090
vt 0.788452 0.701416
vt 0.699219 0.699219
vt 0.763550 0.691162
vt 0.811890 0.667969
vt 0.765015 0.647278
vt 0.749390 0.880371
vt 0.809204 0.935547
vt 0.749390 0.917236
vt 0.740479 0.663452
vt 0.830566 0.642700
vt 0.888000 0.849609
vt 0.896484 0.832642
vt 0.923157 0.888672
vt 0.431824 0.380005
vt 0.430908 0.378662
vt 0.430908 0.380005
vt 0.431885 0.378662
vt 0.430908 0.378418
vt 0.431885 0.378418
vt 0.430908 0.378723
vt 0.431885 0.378723
vt 0.580933 0.692444
vt 0.569153 0.682983
vt 0.568054 0.704773
vt 0.581421 0.672424
vt 0.289062 0.025818
vt 0.305908 0.058472
vt 0.726929 0.621521
vt 0.723206 0.641174
vt 0.772400 0.632080
vt 0.667969 0.648438
vt 0.289246 0.091003
vt 0.749390 0.755798
vt 0.668823 0.628296
vt 0.679993 0.622986
vt 0.612549 0.652039
vt 0.730591 0.619507
vt 0.839172 0.820923
vt 0.896484 0.832642
vt 0.888000 0.849609
vt 0.583008 0.674805
vt 0.583008 0.674805
vt 0.749390 0.743286
vt 0.668823 0.628296
vt 0.612671 0.671265
vt 0.753906 0.708130
vt 0.772705 0.625854
vt 0.405273 0.538086
vt 0.380859 0.554688
vt 0.448242 0.552734
vt 0.386719 0.580444
vt 0.331360 0.259766
vt 0.394897 0.230591
vt 0.403625 0.111328
vt 0.574951 0.135132
vt 0.838623 0.644104
vt 0.578552 0.510376
vt 0.600098 0.398438
vt 0.244934 0.898499
vt 0.202148 0.934448
vt 0.140381 0.957336
vt 0.145813 0.939880
vt 0.830566 0.642700
vt 0.837341 0.646301
vt 0.505493 0.562927
vt 0.392029 0.931885
vt 0.850891 0.953125
vt 0.809204 0.935547
vt 0.888672 0.973633
vt 0.049744 0.950500
vt 0.055969 0.947754
vt 0.009766 0.947754
vt 0.017212 0.957336
vt 0.612671 0.671265
vt 0.923157 0.888672
vt 0.909180 0.809570
vt 0.126648 0.969971
vt 0.073853 0.907166
vt 0.899414 0.984375
vt 0.909180 0.998047
vt 0.043579 0.859802
vt 0.017151 0.814941
vt 0.911804 0.712585
vt 0.992737 0.242981
vt 0.992737 0.296814
vt 0.832214 0.299194
vt 0.832214 0.343933
vt 0.992737 0.350403
vt 0.184204 0.985046
vt 0.645935 0.540955
vt 0.649902 0.569580
vt 0.490784 0.334290
vt 0.502747 0.331909
vt 0.513184 0.332520
vt 0.541504 0.340393
vt 0.577576 0.383362
vt 0.571594 0.338013
vt 0.601562 0.345886
vt 0.627441 0.339355
vt 0.640625 0.336914
vt 0.652405 0.335327
vt 0.005827 0.487413
vt 0.005827 0.487413
vt 0.005827 0.487413
vt 0.005827 0.487413
vt 0.005827 0.487413
vt 0.005827 0.487413
vt 0.005827 0.487413
vt 0.005827 0.487413
vt 0.005827 0.487413
vt 0.005827 0.487413
vt 0.005827 0.487413
vt 0.005827 0.487413
vt 0.005827 0.487413
vt 0.005827 0.487413
vt 0.005827 0.487413
vt 0.005827 0.487413
vt 0.005827 0.487413
vt 0.005827 0.487413
vt 0.005827 0.487413
vt 0.005827 0.487413
vt 0.005827 0.487413
vt 0.005827 0.487413
vt 0.005827 0.487413
vt 0.005827 0.487413
vt 0.005827 0.487413
vt 0.005827 0.487413
vt 0.005827 0.487413
vt 0.005827 0.487413
vt 0.005827 0.487413
vt 0.005827 0.487413
vt 0.005827 0.487413
vt 0.005827 0.487413
vt 0.005827 0.487413
vt 0.005827 0.487413
vt 0.005827 0.487413
vt 0.005827 0.487413
vt 0.005827 0.487413
vt 0.005827 0.487413
vt 0.005827 0.487413
vt 0.005827 0.487413
vt 0.005827 0.487413
vt 0.005827 0.487413
vt 0.005827 0.487413
vt 0.005827 0.487413
vt 0.005827 0.487413
vt 0.005827 0.487413
vt 0.005827 0.487413
vt 0.005827 0.487413
vt 0.005827 0.487413
vt 0.005827 0.487413
vt 0.005827 0.487413
vt 0.005827 0.487413
vt 0.005827 0.487413
vt 0.005827 0.487413
vt 0.005827 0.487413
vt 0.005827 0.487413
vt 0.005827 0.487413
vt 0.005827 0.487413
vt 0.005827 0.487413
vt 0.005827 0.487413
vt 0.005827 0.487413
vt 0.005827 0.487413
vt 0.005827 0.487413
vt 0.005827 0.487413
vt 0.005827 0.487413
vt 0.005827 0.487413
vt 0.005827 0.487413
vt 0.005827 0.487413
vt 0.005827 0.487413
vt 0.005827 0.487413
vt 0.005827 0.487413
vt 0.005827 0.487413
vt 0.005827 0.487413
vt 0.005827 0.487413
vt 0.005827 0.487413
vt 0.005827 0.487413
vt 0.005827 0.487413
vt 0.005827 0.487413
vt 0.005827 0.487413
vt 0.005827 0.487413
vt 0.005827 0.487413
vt 0.005827 0.487413
vt 0.005827 0.487413
vt 0.005827 0.487413
vt 0.005827 0.487413
vt 0.005827 0.487413
vt 0.005827 0.487413
vt 0.005827 0.487413
vt 0.005827 0.487413
vt 0.005827 0.487413
vt 0.005827 0.487413
vt 0.005827 0.487413
vt 0.005827 0.487413
vt 0.005827 0.487413
vt 0.005827 0.487413
vt 0.005827 0.487413
vt 0.005827 0.487413
vt 0.005827 0.487413
vt 0.005827 0.487413
vt 0.005827 0.487413
vt 0.005827 0.487413
vt 0.005827 0.487413
vt 0.005827 0.487413
vt 0.005827 0.487413
vt 0.005827 0.487413
vt 0.005827 0.487413
vt 0.005827 0.487413
vt 0.005827 0.487413
vt 0.005827 0.487413
vt 0.005827 0.487413
vt 0.005827 0.487413
vt 0.005827 0.487413
vt 0.005827 0.487413
vt 0.005827 0.487413
vt 0.005827 0.487413
vt 0.005827 0.487413
vt 0.788025 0.366028
vt 0.824219 0.376709
vt 0.788025 0.377747
vt 0.824219 0.399109
vt 0.880554 0.393799
vt 0.824219 0.407166
vt 0.880371 0.410278
vt 0.331360 0.286743
vt 0.413269 0.301514
vt 0.331360 0.302185
vt 0.413269 0.286682
vt 0.627869 0.169189
vt 0.611572 0.193909
vt 0.669800 0.187500
vt 0.628235 0.169250
vt 0.707031 0.139832
vt 0.673828 0.170532
vt 0.426636 0.226929
vt 0.417236 0.105469
vt 0.350037 0.009583
vt 0.433960 0.377869
vt 0.433533 0.377991
vt 0.433594 0.377441
vt 0.433594 0.378479
vt 0.433960 0.377380
vt 0.434021 0.377869
vt 0.433594 0.377930
vt 0.433228 0.378601
vt 0.434021 0.378357
vt 0.434082 0.377869
vt 0.433167 0.377502
vt 0.434143 0.377625
vt 0.434143 0.378113
vt 0.531250 0.297302
vt 0.606201 0.599670
vt 0.511719 0.295532
vt 0.484436 0.286926
vt 0.637573 0.296875
vt 0.499512 0.292480
vt 0.563293 0.601135
vt 0.624084 0.301636
vt 0.651123 0.289673
vt 0.563965 0.288574
vt 0.602844 0.295532
vt 0.981689 0.376709
vt 0.981689 0.366211
vt 0.942322 0.366394
vt 0.715698 0.377747
vt 0.715698 0.366028
vt 0.679504 0.366211
vt 0.679504 0.407166
vt 0.880371 0.410278
vt 0.880554 0.393799
vt 0.824219 0.407166
vt 0.788025 0.377747
vt 0.788025 0.366028
vt 0.880554 0.375732
vt 0.880371 0.366394
vt 0.824219 0.366211
vt 0.788025 0.412109
vt 0.824219 0.376709
vt 0.942322 0.375610
vt 0.942322 0.394165
vt 0.649963 0.598267
vt 0.788025 0.403992
vt 0.624146 0.606873
vt 0.589844 0.286133
vt 0.715698 0.412109
vt 0.942322 0.410278
vt 0.541504 0.280273
vt 0.679504 0.399109
vt 0.715698 0.403992
vt 0.824219 0.399109
vt 0.679504 0.376709
vt 0.981689 0.399109
vt 0.981689 0.407166
vt 0.516052 0.289062
vt 0.523438 0.285156
vt 0.981689 0.415222
vt 0.238831 0.474854
vt 0.178345 0.476501
vt 0.205872 0.485474
vt 0.246826 0.429565
vt 0.433044 0.379761
vt 0.433044 0.380554
vt 0.432434 0.380615
vt 0.432739 0.380920
vt 0.178040 0.424011
vt 0.130676 0.421448
vt 0.432495 0.379700
vt 0.431885 0.379517
vt 0.431946 0.380493
vt 0.434204 0.380310
vt 0.433716 0.379700
vt 0.433716 0.380188
vt 0.433655 0.380798
vt 0.434143 0.380859
vt 0.224304 0.490479
vt 0.242737 0.486572
vt 0.434143 0.380371
vt 0.434204 0.379822
vt 0.434326 0.380066
vt 0.433655 0.380249
vt 0.433105 0.380798
vt 0.433228 0.380737
vt 0.434326 0.380310
vt 0.432922 0.380859
vt 0.432678 0.381165
vt 0.432983 0.381531
vt 0.434326 0.380615
vt 0.434326 0.380371
vt 0.433228 0.379639
vt 0.433228 0.380188
vt 0.433289 0.380127
vt 0.433044 0.380493
vt 0.433105 0.379639
vt 0.433289 0.379639
vt 0.433228 0.379700
vt 0.433289 0.379089
vt 0.433777 0.379028
vt 0.832214 0.343933
vt 0.793091 0.341370
vt 0.793091 0.341187
vt 0.832214 0.298828
vt 0.793091 0.299133
vt 0.793091 0.257263
vt 0.433716 0.378540
vt 0.832214 0.254028
vt 0.433655 0.379150
vt 0.433167 0.379089
vt 0.832214 0.343750
vt 0.793091 0.257446
vt 0.433716 0.379639
vt 0.832214 0.254211
vt 0.832214 0.299194
vt 0.793091 0.299500
vt 0.992737 0.242981
vt 0.238831 0.058228
vt 0.273804 0.061218
vt 0.255737 0.090881
vt 0.255554 0.025635
vt 0.289246 0.091003
vt 0.305908 0.058472
vt 0.289062 0.025818
vt 0.434265 0.379028
vt 0.434265 0.379578
vt 0.992737 0.242798
vt 0.992737 0.296387
vt 0.992737 0.350159
vt 0.992737 0.350403
vt 0.992737 0.296814
vt 0.434204 0.379089
vt 0.431824 0.380005
vt 0.431824 0.380371
vt 0.430908 0.380005
vt 0.430908 0.380371
vt 0.431824 0.380127
vt 0.430908 0.380127
vt 0.431885 0.378723
vt 0.430908 0.378723
vt 0.431885 0.378418
vt 0.430908 0.378418
vt 0.431885 0.378662
vt 0.430908 0.378662
vt 0.667969 0.305786
vt 0.667969 0.264587
vt 0.433594 0.377930
vt 0.433594 0.378479
vt 0.433228 0.378601
vt 0.434021 0.378357
vt 0.401001 0.409424
vt 0.331665 0.388123
vt 0.401062 0.388123
vt 0.401001 0.409424
vt 0.401062 0.388123
vt 0.331665 0.388123
vt 0.331848 0.406860
vt 0.250244 0.388123
vt 0.331848 0.406860
vt 0.472229 0.417725
vt 0.250122 0.425659
vt 0.250183 0.406860
vt 0.472351 0.388367
vt 0.433594 0.377441
vt 0.433167 0.377502
vt 0.434021 0.377869
vt 0.433960 0.377380
vt 0.433960 0.377869
vt 0.433533 0.377991
vt 0.434082 0.377869
vt 0.434143 0.377625
vt 0.434143 0.377869
vt 0.434143 0.378113
vt 0.433105 0.378052
vt 0.433228 0.377991
vt 0.432922 0.377441
vt 0.433105 0.378418
vt 0.433289 0.378540
vt 0.433289 0.379089
vt 0.433044 0.377747
vt 0.432251 0.377563
vt 0.432312 0.377808
vt 0.432068 0.377930
vt 0.432983 0.378662
vt 0.432434 0.378601
vt 0.432495 0.379700
vt 0.432922 0.377747
vt 0.226135 0.366821
vt 0.241943 0.380981
vt 0.227051 0.383728
vt 0.240112 0.365723
vt 0.432434 0.380615
vt 0.431885 0.379517
vt 0.433044 0.379761
vt 0.433167 0.378601
vt 0.246826 0.429565
vt 0.178345 0.476501
vt 0.178040 0.424011
vt 0.130676 0.421448
vt 0.133545 0.469299
vt 0.432373 0.377808
vt 0.432129 0.377930
vt 0.433716 0.378540
vt 0.433228 0.379639
vt 0.433655 0.380249
vt 0.433716 0.379700
vt 0.238831 0.474854
vt 0.242737 0.486572
vt 0.224304 0.490479
vt 0.433228 0.380188
vt 0.433044 0.380554
vt 0.205872 0.485474
vt 0.432312 0.381592
vt 0.432495 0.381287
vt 0.432495 0.381714
vt 0.432251 0.381104
vt 0.432922 0.380859
vt 0.432739 0.380920
vt 0.432678 0.381165
vt 0.433105 0.380798
vt 0.432129 0.380859
vt 0.432373 0.381042
vt 0.432129 0.381470
vt 0.226074 0.436951
vt 0.227905 0.430603
vt 0.231262 0.436951
vt 0.221313 0.436707
vt 0.433228 0.379700
vt 0.433044 0.380493
vt 0.433289 0.380127
vt 0.433105 0.379639
vt 0.433228 0.380737
vt 0.433289 0.379639
vt 0.233704 0.434692
vt 0.235107 0.436951
vt 0.237549 0.436951
vt 0.433655 0.380798
vt 0.432068 0.380859
vt 0.431946 0.381165
vt 0.434204 0.380310
vt 0.434204 0.379822
vt 0.331360 0.340942
vt 0.412720 0.315125
vt 0.331299 0.314941
vt 0.434326 0.380615
vt 0.434326 0.380310
vt 0.434326 0.380066
vt 0.433716 0.380188
vt 0.434143 0.380371
vt 0.434143 0.380859
vt 0.412720 0.340820
vt 0.434326 0.380371
vt 0.636414 0.607178
vt 0.649963 0.598267
vt 0.648376 0.603882
vt 0.440613 0.286316
vt 0.440613 0.301331
vt 0.331482 0.340210
vt 0.384888 0.314087
vt 0.331482 0.314087
vt 0.640625 0.336914
vt 0.624084 0.301636
vt 0.637573 0.296875
vt 0.627441 0.339355
vt 0.602844 0.295532
vt 0.502747 0.331909
vt 0.484436 0.286926
vt 0.499512 0.292480
vt 0.564697 0.572571
vt 0.606201 0.599670
vt 0.563293 0.601135
vt 0.624146 0.606873
vt 0.384888 0.340210
vt 0.541504 0.340393
vt 0.511719 0.295532
vt 0.531250 0.297302
vt 0.612366 0.274719
vt 0.643188 0.270996
vt 0.629333 0.283813
vt 0.619507 0.264221
vt 0.523438 0.285156
vt 0.516052 0.289062
vt 0.620605 0.292969
vt 0.612610 0.616699
vt 0.600586 0.616455
vt 0.605957 0.285156
vt 0.589844 0.286133
vt 0.569397 0.276428
vt 0.592407 0.275146
vt 0.563965 0.288574
vt 0.576355 0.608459
vt 0.564880 0.605408
vt 0.601562 0.345886
vt 0.502136 0.276855
vt 0.510559 0.257568
vt 0.516907 0.271667
vt 0.487427 0.265564
vt 0.606934 0.570923
vt 0.541504 0.280273
vt 0.571594 0.338013
vt 0.588867 0.608337
vt 0.649902 0.569580
vt 0.607361 0.542542
vt 0.440491 0.340820
vt 0.440491 0.315125
vt 0.468262 0.340820
vt 0.468262 0.315125
vt 0.521484 0.376953
vt 0.513184 0.332520
vt 0.556641 0.394531
vt 0.569092 0.543518
vt 0.511780 0.376282
vt 0.641418 0.382751
vt 0.651917 0.383179
vt 0.652405 0.335327
vt 0.501770 0.378906
vt 0.490784 0.334290
vt 0.651123 0.289673
vt 0.577576 0.383362
vt 0.600098 0.398438
vt 0.597229 0.263184
vt 0.572449 0.261230
vt 0.556396 0.276855
vt 0.535583 0.271240
vt 0.532104 0.262146
vt 0.627441 0.384277
vt 0.636414 0.607178
vt 0.648376 0.603882
vt 0.627869 0.169189
vt 0.669800 0.187500
vt 0.611572 0.193909
vt 0.628235 0.169250
vt 0.673828 0.170532
vt 0.707031 0.139832
vt 0.532104 0.262146
vt 0.510559 0.257568
vt 0.516907 0.271667
vt 0.548706 0.245300
vt 0.502136 0.276855
vt 0.605957 0.285156
vt 0.612366 0.274719
vt 0.535583 0.271240
vt 0.556396 0.276855
vt 0.569397 0.276428
vt 0.643188 0.270996
vt 0.629333 0.283813
vt 0.619507 0.264221
vt 0.620605 0.292969
vt 0.576355 0.608459
vt 0.564880 0.605408
vt 0.487427 0.265564
vt 0.612610 0.616699
vt 0.600586 0.616455
vt 0.588867 0.608337
vt 0.552917 0.261719
vt 0.592407 0.275146
vt 0.572449 0.261230
vt 0.577515 0.244812
vt 0.552917 0.261719
vt 0.597229 0.263184
vt 0.577515 0.244812
vt 0.548706 0.245300
vt 0.901733 0.179565
vt 0.746948 0.192078
vt 0.751282 0.178040
vt 0.751282 0.178040
vt 0.749207 0.152344
vt 0.909790 0.199646
vt 0.625122 0.207764
vt 0.676575 0.196838
vt 0.669800 0.187500
vt 0.673889 0.170166
vt 0.611328 0.194336
vt 0.592651 0.220581
vt 0.667969 0.346863
vt 0.667969 0.346680
vt 0.667969 0.305481
vt 0.667969 0.264404
vt 0.901733 0.179565
vt 0.433105 0.378052
vt 0.432983 0.378662
vt 0.432922 0.377747
vt 0.433228 0.377991
vt 0.433105 0.378418
vt 0.433289 0.378540
vt 0.433167 0.378601
vt 0.433044 0.377747
vt 0.174133 0.373291
vt 0.245056 0.367371
vt 0.432922 0.377441
vt 0.432068 0.377930
vt 0.432251 0.377563
vt 0.432007 0.377686
vt 0.432373 0.377808
vt 0.432434 0.378601
vt 0.241943 0.380981
vt 0.240112 0.365723
vt 0.226135 0.366821
vt 0.432983 0.381714
vt 0.432739 0.381409
vt 0.433167 0.381165
vt 0.432495 0.381714
vt 0.432495 0.381287
vt 0.432800 0.382080
vt 0.433167 0.382019
vt 0.433350 0.381653
vt 0.432312 0.381592
vt 0.433228 0.382507
vt 0.433289 0.382385
vt 0.433228 0.382202
vt 0.433350 0.382141
vt 0.433044 0.382507
vt 0.433289 0.382263
vt 0.432312 0.377808
vt 0.218323 0.382935
vt 0.227051 0.383728
vt 0.221252 0.369873
vt 0.431946 0.380432
vt 0.431946 0.381165
vt 0.432068 0.380859
vt 0.133545 0.469299
vt 0.227905 0.430603
vt 0.218506 0.427368
vt 0.221313 0.436707
vt 0.432129 0.377930
vt 0.331482 0.340210
vt 0.331482 0.314087
vt 0.384888 0.314087
vt 0.432251 0.381104
vt 0.432129 0.381470
vt 0.233704 0.434692
vt 0.235107 0.436951
vt 0.237549 0.436951
vt 0.440613 0.286316
vt 0.413269 0.301514
vt 0.440613 0.301331
vt 0.412720 0.315125
vt 0.412720 0.340820
vt 0.226074 0.436951
vt 0.231262 0.436951
vt 0.432373 0.381042
vt 0.440491 0.315125
vt 0.468262 0.340820
vt 0.440491 0.340820
vt 0.468262 0.315125
vt 0.431946 0.378479
vt 0.431763 0.378235
vt 0.431885 0.379456
vt 0.431702 0.379333
vt 0.384888 0.340210
vt 0.132507 0.371643
vt 0.431946 0.378357
vt 0.432129 0.380859
vt 0.431763 0.380432
vt 0.413269 0.286682
vt 0.401062 0.368896
vt 0.331665 0.349670
vt 0.331665 0.368896
vt 0.401062 0.368896
vt 0.331665 0.349670
vt 0.401062 0.349670
vt 0.401062 0.349670
vt 0.472351 0.369202
vt 0.250244 0.349670
vt 0.331665 0.368896
vt 0.250244 0.368896
vt 0.472351 0.350037
vt 0.433167 0.379089
vt 0.433716 0.379639
vt 0.433655 0.379150
vt 0.433777 0.379028
vt 0.434265 0.379028
vt 0.434265 0.379578
vt 0.434204 0.379089
vt 0.174133 0.373291
vt 0.245056 0.367371
vt 0.434387 0.379028
vt 0.434387 0.378723
vt 0.434204 0.378479
vt 0.432983 0.381714
vt 0.432739 0.381409
vt 0.432983 0.381531
vt 0.434387 0.379028
vt 0.433167 0.381165
vt 0.433228 0.382202
vt 0.433350 0.381653
vt 0.434387 0.379333
vt 0.433167 0.382019
vt 0.432800 0.382080
vt 0.433350 0.382141
vt 0.433228 0.382507
vt 0.433289 0.382385
vt 0.433044 0.382507
vt 0.433289 0.382263
vt 0.749207 0.152344
vt 0.793091 0.341370
vt 0.673889 0.170166
vt 0.901733 0.179565
vt 0.751282 0.178040
vt 0.746948 0.192078
vt 0.909790 0.199646
vt 0.426636 0.226929
vt 0.625122 0.207764
vt 0.669800 0.187500
vt 0.676575 0.196838
vt 0.751282 0.178040
vt 0.793091 0.257446
vt 0.667969 0.305786
vt 0.667969 0.264587
vt 0.434143 0.377869
vt 0.417236 0.105469
vt 0.793091 0.299500
vt 0.832214 0.254211
vt 0.611328 0.194336
vt 0.592651 0.220581
vt 0.667969 0.346863
vt 0.667969 0.346680
vt 0.793091 0.341187
vt 0.667969 0.305481
vt 0.793091 0.299133
vt 0.832214 0.343750
vt 0.667969 0.264404
vt 0.793091 0.257263
vt 0.832214 0.298828
vt 0.992737 0.296387
vt 0.992737 0.350159
vt 0.992737 0.242798
vt 0.832214 0.254028
vt 0.880554 0.375732
vt 0.824219 0.366211
vt 0.880371 0.366394
vt 0.715698 0.377747
vt 0.679504 0.366211
vt 0.715698 0.366028
vt 0.679504 0.376709
vt 0.942322 0.375610
vt 0.942322 0.366394
vt 0.645935 0.540955
vt 0.981689 0.376709
vt 0.981689 0.366211
vt 0.608032 0.494995
vt 0.608398 0.489990
vt 0.624329 0.494568
vt 0.592590 0.495544
vt 0.608032 0.509705
vt 0.636597 0.508423
vt 0.558289 0.457642
vt 0.526184 0.436401
vt 0.534058 0.431091
vt 0.553833 0.465698
vt 0.620117 0.431152
vt 0.593750 0.448730
vt 0.600464 0.424500
vt 0.604980 0.453125
vt 0.434204 0.378479
vt 0.434387 0.378723
vt 0.434387 0.379333
vt 0.434387 0.379028
vt 0.434387 0.379028
vt 0.582520 0.446289
vt 0.580444 0.433899
vt 0.981689 0.399109
vt 0.565430 0.451660
vt 0.543457 0.427246
vt 0.578552 0.510376
vt 0.557190 0.419678
vt 0.573730 0.446777
vt 0.584961 0.459961
vt 0.585449 0.467285
vt 0.611877 0.460327
vt 0.631592 0.435486
vt 0.587585 0.476013
vt 0.641174 0.439575
vt 0.788025 0.403992
vt 0.942322 0.394165
vt 0.981689 0.407166
vt 0.615967 0.465332
vt 0.627869 0.169189
vt 0.575073 0.134583
vt 0.638672 0.135071
vt 0.627869 0.169189
vt 0.611572 0.193909
vt 0.560181 0.166687
vt 0.560181 0.166687
vt 0.627869 0.169189
vt 0.560181 0.166687
vt 0.611572 0.193909
vt 0.627869 0.169189
vt 0.638672 0.135071
vt 0.575073 0.134583
vt 0.560181 0.166687
vt 0.350037 0.009583
vt 0.327454 0.007507
vt 0.412964 0.340881
vt 0.412964 0.314941
vt 0.331299 0.314941
vt 0.331299 0.341248
vt 0.559570 0.166992
vt 0.497070 0.165039
vt 0.562866 0.214661
vt 0.559570 0.166992
vt 0.562866 0.214661
vt 0.412964 0.340881
vt 0.331299 0.314941
vt 0.412964 0.314941
vt 0.331299 0.341248
vt 0.020142 0.464844
vt 0.020142 0.350891
vt 0.098938 0.488281
vt 0.098938 0.488281
vt 0.496094 0.165039
vt 0.218506 0.427368
vt 0.431702 0.379333
vt 0.431885 0.379456
vt 0.431946 0.380432
vt 0.132507 0.371643
vt 0.431946 0.380493
vt 0.679504 0.407166
vt 0.715698 0.420166
vt 0.679504 0.415222
vt 0.942322 0.410278
vt 0.431763 0.380432
vt 0.431946 0.378357
vt 0.431763 0.378235
vt 0.432007 0.377686
vt 0.715698 0.412109
vt 0.679504 0.399109
vt 0.788025 0.412109
vt 0.715698 0.403992
vt 0.788025 0.420166
vt 0.221252 0.369873
vt 0.218323 0.382935
vt 0.981689 0.415222
vt 0.976135 0.448669
vt 0.714355 0.446228
vt 0.779846 0.457092
vt 0.824219 0.415222
vt 0.431946 0.378479
vt 0.938354 0.456970
vt 0.825623 0.457520
vt 0.881592 0.459167
vt 0.654968 0.833679
vt 0.748535 0.502441
vt 0.564575 0.839294
vt 0.635742 0.839294
vt 0.740601 0.526550
vt 0.813416 0.476990
vt 0.883850 0.477905
vt 0.740601 0.526550
vt 0.744873 0.512878
vt 0.718140 0.505432
vt 0.748535 0.502441
vt 0.744873 0.512878
vt 0.730957 0.496094
vt 0.668884 0.826843
vt 0.564575 0.780884
vt 0.610107 0.795776
vt 0.564575 0.758545
vt 0.564575 0.739868
vt 0.617126 0.775269
vt 0.617126 0.775269
vt 0.752441 0.493164
vt 0.730957 0.496094
vt 0.810059 0.539062
vt 0.646240 0.908875
vt 0.610107 0.795776
vt 0.729187 0.488281
vt 0.709961 0.497070
vt 0.674011 0.448669
vt 0.668884 0.826843
vt 0.803467 0.545166
vt 0.623535 0.757263
vt 0.783936 0.568359
vt 0.947571 0.468689
vt 0.635742 0.839294
vt 0.654968 0.833679
vt 0.623535 0.757263
vt 0.718140 0.505432
vt 0.221252 0.059265
vt 0.209961 0.076965
vt 0.209961 0.027588
vt 0.239258 0.345459
vt 0.275879 0.317200
vt 0.292480 0.341858
vt 0.209961 0.027588
vt 0.209961 0.076965
vt 0.221252 0.059265
vt 0.209961 0.108643
vt 0.181885 0.115601
vt 0.238098 0.143555
vt 0.183716 0.162354
vt 0.250122 0.135315
vt 0.194641 0.166077
vt 0.253540 0.320496
vt 0.278748 0.332275
vt 0.292480 0.300964
vt 0.240967 0.335388
vt 0.279907 0.145569
vt 0.297058 0.138916
vt 0.286743 0.156067
vt 0.260498 0.168579
vt 0.263367 0.193848
vt 0.257568 0.151428
vt 0.295898 0.168213
vt 0.310791 0.174866
vt 0.194580 0.249084
vt 0.223206 0.231567
vt 0.192322 0.241882
vt 0.232361 0.241882
vt 0.274719 0.221619
vt 0.296509 0.224731
vt 0.220581 0.253479
vt 0.197449 0.261414
vt 0.293640 0.300232
vt 0.309631 0.304871
vt 0.218079 0.192078
vt 0.234680 0.210510
vt 0.290771 0.180237
vt 0.265259 0.234070
vt 0.267883 0.294800
vt 0.281494 0.227234
vt 0.249573 0.238281
vt 0.147095 0.233521
vt 0.183716 0.158447
vt 0.140259 0.226257
vt 0.196716 0.172485
vt 0.200317 0.308167
vt 0.145142 0.243530
vt 0.190002 0.311218
vt 0.146423 0.227966
vt 0.238647 0.320251
vt 0.203186 0.301270
vt 0.233337 0.222534
vt 0.309631 0.300964
vt 0.296509 0.220825
vt 0.238770 0.142395
vt 0.195862 0.165771
vt 0.292480 0.337952
vt 0.222656 0.295837
vt 0.297058 0.135010
vt 0.310791 0.170959
vt 0.250122 0.131409
vt 0.239258 0.341553
vt 0.209961 0.090942
vt 0.209961 0.041504
vt 0.181885 0.083069
vt 0.209961 0.108643
vt 0.278748 0.332275
vt 0.253540 0.320496
vt 0.267883 0.294800
vt 0.240967 0.335388
vt 0.297058 0.138916
vt 0.238098 0.143555
vt 0.279907 0.145569
vt 0.250122 0.135315
vt 0.260498 0.168579
vt 0.286743 0.156067
vt 0.290771 0.180237
vt 0.257568 0.151428
vt 0.310791 0.174866
vt 0.295898 0.168213
vt 0.192322 0.241882
vt 0.232361 0.241882
vt 0.194580 0.249084
vt 0.223206 0.231567
vt 0.296509 0.224731
vt 0.274719 0.221619
vt 0.197449 0.261414
vt 0.220581 0.253479
vt 0.309631 0.304871
vt 0.293640 0.300232
vt 0.234680 0.210510
vt 0.218079 0.192078
vt 0.292480 0.341858
vt 0.275879 0.317017
vt 0.263367 0.193848
vt 0.281494 0.227234
vt 0.292480 0.300964
vt 0.265259 0.234070
vt 0.238708 0.321045
vt 0.253235 0.221375
vt 0.249573 0.238281
vt 0.140259 0.226257
vt 0.196716 0.172485
vt 0.183716 0.158447
vt 0.190002 0.311218
vt 0.200317 0.308167
vt 0.203186 0.301270
vt 0.233337 0.222534
vt 0.296509 0.220825
vt 0.309631 0.300964
vt 0.195862 0.165771
vt 0.238770 0.142395
vt 0.292480 0.337952
vt 0.310791 0.170959
vt 0.222656 0.295837
vt 0.297058 0.135010
vt 0.250122 0.131409
vt 0.239258 0.341553
vt 0.209961 0.090942
vt 0.209961 0.041504
vt 0.140259 0.230164
vt 0.297424 0.169189
vt 0.273438 0.221863
vt 0.280457 0.145691
vt 0.253235 0.221375
vt 0.295105 0.300171
vt 0.242676 0.277832
vt 0.181885 0.022278
vt 0.209961 0.009827
vt 0.181885 0.002869
vt 0.209961 0.009827
vt 0.181885 0.096252
vt 0.181885 0.039856
vt 0.190002 0.315125
vt 0.144714 0.236877
vt 0.190002 0.315125
vt 0.239258 0.345459
vt 0.295105 0.300171
vt 0.273438 0.221863
vt 0.297424 0.169189
vt 0.280457 0.145691
vt 0.242676 0.277832
vt 0.194641 0.166077
vt 0.140259 0.230164
vt 0.183716 0.162354
vt 0.962585 0.918518
vt 0.977234 0.918640
vt 0.970703 0.949646
vt 0.988892 0.930542
vt 0.976990 0.913696
vt 0.950562 0.930237
vt 0.945679 0.949341
vt 0.945312 0.971436
vt 0.940491 0.949219
vt 0.946106 0.927124
vt 0.960022 0.913513
vt 0.961487 0.980530
vt 0.949890 0.968567
vt 0.958801 0.985229
vt 0.975708 0.985413
vt 0.976135 0.980652
vt 0.989685 0.971802
vt 0.988220 0.968872
vt 0.995300 0.949707
vt 0.993103 0.949768
vt 0.990417 0.927490
vt 0.945679 0.949341
vt 0.946106 0.927124
vt 0.940491 0.949219
vt 0.950562 0.930237
vt 0.970703 0.949646
vt 0.988220 0.968872
vt 0.993103 0.949768
vt 0.976135 0.980652
vt 0.960022 0.913513
vt 0.962585 0.918518
vt 0.988892 0.930542
vt 0.977234 0.918640
vt 0.949890 0.968567
vt 0.961487 0.980530
vt 0.945312 0.971436
vt 0.958801 0.985229
vt 0.975708 0.985413
vt 0.989685 0.971802
vt 0.995300 0.949707
vt 0.990417 0.927490
vt 0.976990 0.913696
vt 0.000000 -0.000000
vt 0.000000 -0.000000
vt 0.000000 -0.000000
vt 0.000000 -0.000000
vt 0.000000 -0.000000
vt 0.000000 -0.000000
vt 0.000000 -0.000000
vt 0.000000 -0.000000
vt 0.000000 -0.000000
vt 0.000000 -0.000000
vt 0.000000 -0.000000
vt 0.090576 0.267151
vt 0.069702 0.311707
vt 0.103088 0.269531
vt 0.063232 0.301514
vt 0.103088 0.269531
vt 0.069519 0.311707
vt 0.958862 0.890076
vt 0.995178 0.905212
vt 0.962708 0.900452
vt 0.995178 0.894897
vt 0.995178 0.894897
vt 0.958862 0.890076
vt 0.986023 0.772522
vt 0.956421 0.813904
vt 0.981384 0.813965
vt 0.955994 0.773193
vt 0.063232 0.301514
vt 0.008545 0.259216
vt 0.008545 0.316956
vt 0.067139 0.264038
vt 0.099182 0.190613
vt 0.072632 0.189819
vt 0.084351 0.099182
vt 0.008545 0.035767
vt 0.008545 0.098389
vt 0.082031 0.051514
vt 0.082031 0.051514
vt 0.084351 0.099182
vt 0.067139 0.264038
vt 0.940552 0.859619
vt 0.958557 0.865540
vt 0.114014 0.095276
vt 0.099182 0.190613
vt 0.090576 0.267151
vt 0.940674 0.776489
vt 0.957092 0.752502
vt 0.956848 0.743225
vt 0.114014 0.095276
vt 0.111694 0.192139
vt 0.008545 0.331360
vt 0.940674 0.776489
vt 0.957825 0.773682
vt 0.956421 0.813904
vt 0.957642 0.752686
vt 0.111694 0.192139
vt 0.090576 0.035889
vt 0.008545 0.015625
vt 0.090576 0.035889
vt 0.994568 0.915466
vt 0.988220 0.921875
vt 0.986816 0.915527
vt 0.994629 0.921875
vt 0.994568 0.913330
vt 0.985901 0.913391
vt 0.008545 0.190247
vt 0.994629 0.921875
vt 0.986816 0.915527
vt 0.988220 0.921875
vt 0.994568 0.915466
vt 0.986084 0.750061
vt 0.986084 0.739746
vt 0.072632 0.189819
vt 0.130432 0.087463
vt 0.958557 0.865540
vt 0.940613 0.814880
vt 0.940552 0.859619
vt 0.130432 0.087463
vt 0.986877 0.929321
vt 0.994690 0.929321
vt 0.986023 0.931458
vt 0.994690 0.931458
vt 0.986877 0.929321
vt 0.994690 0.929321
vt 0.986084 0.750061
vt 0.990051 0.868225
vt 0.986023 0.772522
vt 0.981384 0.813965
vt 0.990051 0.868225
vt 0.940735 0.763733
vt 0.940613 0.814880
vt 0.940491 0.872437
vt 0.099060 0.633179
vt 0.127991 0.688293
vt 0.083618 0.722595
vt 0.407104 0.407837
vt 0.305786 0.222229
vt 0.408691 0.214294
vt 0.107788 0.240112
vt 0.031372 0.413757
vt 0.031372 0.246826
vt 0.031311 0.633850
vt 0.125793 0.137756
vt 0.031372 0.165771
vt 0.397583 0.870483
vt 0.290771 0.812012
vt 0.391663 0.782227
vt 0.286011 0.881165
vt 0.157227 0.633606
vt 0.157227 0.412964
vt 0.305786 0.411011
vt 0.299866 0.633606
vt 0.386902 0.633606
vt 0.175049 0.112915
vt 0.165161 0.234131
vt 0.603638 0.198853
vt 0.510315 0.402039
vt 0.504456 0.203918
vt 0.608276 0.396851
vt 0.175232 0.766724
vt 0.143555 0.816406
vt 0.294312 0.748840
vt 0.363159 0.707092
vt 0.482239 0.799255
vt 0.452576 0.716125
vt 0.494812 0.634094
vt 0.600769 0.628296
vt 0.382996 0.057251
vt 0.289978 0.081116
vt 0.099854 0.412964
vt 0.588196 0.056580
vt 0.467529 0.041077
vt 0.290039 0.080872
vt 0.175598 0.111389
vt 0.467529 0.041321
vt 0.383057 0.057129
vt 0.202942 0.719055
vt 0.101624 0.641235
vt 0.085876 0.732483
vt 0.131165 0.697449
vt 0.505432 0.642090
vt 0.395325 0.641602
vt 0.462341 0.725830
vt 0.415894 0.411255
vt 0.312561 0.414551
vt 0.085876 0.732422
vt 0.032471 0.641907
vt 0.391296 0.053589
vt 0.312561 0.221924
vt 0.417542 0.213806
vt 0.296387 0.077942
vt 0.160950 0.641602
vt 0.179321 0.777466
vt 0.477966 0.037109
vt 0.515259 0.203247
vt 0.521179 0.405396
vt 0.179077 0.107910
vt 0.169006 0.234070
vt 0.296448 0.078613
vt 0.160950 0.416565
vt 0.032532 0.417358
vt 0.102417 0.416565
vt 0.110474 0.240173
vt 0.371094 0.716614
vt 0.400146 0.793274
vt 0.300842 0.759216
vt 0.297180 0.823669
vt 0.207581 0.728821
vt 0.147034 0.828186
vt 0.292358 0.894287
vt 0.406250 0.883301
vt 0.492554 0.810608
vt 0.613525 0.636230
vt 0.621155 0.400085
vt 0.616455 0.198120
vt 0.600647 0.052917
vt 0.306519 0.641602
vt 0.032532 0.164307
vt 0.032532 0.247070
vt 0.128845 0.135742
vt 0.179138 0.110413
vn 0.3397 0.8692 -0.3593
vn 0.4666 0.4899 -0.7364
vn 0.7673 0.6383 0.0612
vn 0.5355 -0.7874 -0.3053
vn 0.2480 -0.8066 -0.5365
vn 0.4299 -0.0081 -0.9028
vn 0.0000 0.1420 -0.9898
vn -0.0338 0.1609 -0.9864
vn -0.3127 0.6469 -0.6955
vn 0.3126 0.6470 -0.6955
vn 0.0338 0.1609 -0.9864
vn 0.8179 0.1496 0.5555
vn 0.5112 0.2801 0.8125
vn 0.5419 -0.0191 0.8402
vn 0.5679 -0.2561 0.7823
vn 0.8571 0.0248 0.5145
vn -0.5418 -0.0191 0.8402
vn -0.8571 0.0249 0.5144
vn -0.5679 -0.2559 0.7823
vn 0.3154 0.7816 0.5380
vn 0.2969 -0.2930 0.9088
vn -0.4037 -0.3120 0.8600
vn 0.4036 -0.3130 0.8597
vn 0.8229 0.1791 0.5391
vn 0.8049 -0.4830 0.3447
vn -0.8050 -0.4826 0.3449
vn -0.8234 0.1774 0.5390
vn 0.1253 -0.9699 -0.2088
vn 0.7176 -0.6890 0.1011
vn 0.6987 -0.7058 -0.1167
vn -0.3917 0.9194 0.0338
vn -0.6575 0.7452 -0.1110
vn -0.3883 0.9117 -0.1341
vn -0.3167 0.7814 0.5376
vn -0.2971 -0.2931 0.9087
vn -0.2862 0.7941 0.5361
vn 0.8673 0.4923 -0.0741
vn 0.9487 -0.1496 0.2785
vn -0.1252 -0.9699 -0.2088
vn -0.6989 -0.7056 -0.1168
vn -0.7168 -0.6896 0.1031
vn 0.5225 0.8511 0.0496
vn 0.6576 0.7447 -0.1140
vn 0.3983 0.9171 0.0137
vn 0.5692 0.5595 0.6024
vn -0.0548 0.9894 0.1342
vn 0.2503 0.6118 0.7504
vn 0.7288 0.6727 -0.1270
vn 0.9359 0.3278 0.1288
vn 0.6346 0.6719 -0.3818
vn 0.8431 0.4336 0.3179
vn 0.9506 0.3068 0.0463
vn 0.9741 0.0007 0.2261
vn 0.5000 0.7637 0.4082
vn 0.6011 0.3572 0.7149
vn 0.6655 0.4709 0.5791
vn -0.0078 0.9926 -0.1215
vn -0.3862 0.9133 -0.1293
vn 0.1150 -0.8960 0.4289
vn -0.7410 -0.6104 0.2800
vn -0.4813 0.2553 0.8385
vn 0.2947 0.9546 -0.0425
vn 0.5583 0.8271 0.0650
vn 0.3975 0.9059 0.1459
vn 0.8248 0.2977 0.4807
vn 0.2201 0.9039 -0.3667
vn 0.3979 0.8369 0.3758
vn 0.4060 0.2625 0.8754
vn 0.4377 -0.6611 0.6094
vn 0.1876 -0.5848 0.7891
vn 0.4494 0.8821 -0.1407
vn 0.4136 0.8671 -0.2775
vn 0.6561 0.7504 0.0801
vn -0.2949 0.9546 -0.0423
vn -0.5585 0.8269 0.0651
vn -0.4496 0.8821 -0.1405
vn -0.3977 0.9058 0.1459
vn -0.8247 0.2978 0.4808
vn -0.4057 0.2629 0.8753
vn -0.3977 0.8370 0.3758
vn -0.6553 0.7511 0.0804
vn -0.4133 0.8672 -0.2777
vn 0.0000 0.9995 -0.0318
vn 0.7206 0.5879 0.3675
vn 0.5635 0.7766 0.2817
vn -0.9513 0.3046 0.0467
vn 0.3855 0.9135 -0.1297
vn 0.8731 0.4409 -0.2080
vn 0.6747 -0.0538 -0.7361
vn 0.9237 0.1472 -0.3537
vn -0.6011 0.3582 0.7144
vn -0.6482 0.3672 0.6670
vn -0.5890 0.6667 0.4566
vn -0.7286 0.6730 -0.1272
vn -0.6345 0.6720 -0.3817
vn -0.9359 0.3278 0.1288
vn 0.2255 0.9064 -0.3571
vn -0.8455 0.3557 0.3982
vn -0.9113 0.3903 -0.1307
vn -0.9352 0.3479 -0.0663
vn -0.8731 0.4409 -0.2080
vn -0.9237 0.1472 -0.3537
vn -0.6748 -0.0541 -0.7360
vn 0.0499 -0.9803 -0.1911
vn 0.0000 -0.6585 0.7525
vn 0.0000 0.4016 -0.9158
vn 0.5258 0.4043 -0.7483
vn 0.5735 0.0322 -0.8186
vn 0.0000 0.6974 -0.7166
vn 0.9651 0.0103 0.2617
vn 0.7143 -0.3902 -0.5809
vn 0.6755 -0.6674 -0.3134
vn 0.5553 -0.4830 -0.6770
vn 0.8642 -0.4962 -0.0829
vn 0.9544 -0.2394 0.1781
vn 0.9996 0.0266 -0.0081
vn 0.8454 0.3557 0.3984
vn 0.3921 0.9107 0.1296
vn 0.4883 0.7038 0.5159
vn 0.4735 0.6986 0.5365
vn 0.0000 0.7718 0.6358
vn 0.0000 0.9817 0.1901
vn 0.1266 0.9238 -0.3612
vn 0.3570 0.9341 -0.0066
vn 0.9417 0.0603 -0.3310
vn 0.8646 0.4081 -0.2930
vn 0.9766 0.0399 0.2114
vn -0.9766 0.0399 0.2114
vn -0.9597 -0.1007 0.2623
vn -0.9417 0.0603 -0.3310
vn -0.3409 -0.7585 -0.5554
vn -0.5552 -0.4828 -0.6772
vn -0.4979 -0.5744 -0.6496
vn -0.3589 -0.7283 -0.5837
vn -0.1476 0.8495 0.5065
vn 0.1326 0.4857 0.8640
vn 0.3412 -0.7586 -0.5550
vn 0.4983 -0.5743 -0.6495
vn 0.3587 -0.7283 -0.5838
vn -0.2546 0.9208 -0.2953
vn 0.8318 0.3801 0.4044
vn -0.0655 0.4915 0.8684
vn 0.4574 0.6020 0.6545
vn 0.0000 0.4046 0.9145
vn 0.8900 0.3394 0.3043
vn -0.3367 0.6819 0.6492
vn 0.4686 0.8502 0.2400
vn 0.6891 0.5143 0.5104
vn 0.6386 -0.4402 0.6311
vn -0.0466 -0.0774 0.9959
vn 0.7461 -0.4412 -0.4986
vn 0.1457 0.8480 0.5096
vn -0.0782 0.9151 0.3955
vn -0.1256 0.9240 -0.3610
vn -0.3572 0.9340 -0.0069
vn -0.4308 0.6175 0.6581
vn -0.4501 0.5318 0.7173
vn 0.0092 0.9999 -0.0015
vn 0.3710 0.8603 0.3495
vn 0.6447 0.7329 -0.2171
vn 0.2366 0.9114 -0.3367
vn 0.3976 0.7125 -0.5781
vn 0.2101 0.9469 0.2433
vn 0.3070 0.7699 -0.5594
vn -0.6342 0.7620 0.1307
vn -0.2369 0.9113 -0.3366
vn 0.0001 0.9103 -0.4138
vn -0.9996 0.0278 -0.0084
vn -0.7621 -0.0814 -0.6423
vn -0.9399 0.2248 0.2568
vn -0.9055 0.1430 0.3995
vn -0.3977 0.7125 -0.5781
vn 0.7355 -0.1309 -0.6647
vn 0.5316 -0.5614 -0.6342
vn 0.2971 -0.6277 -0.7195
vn 0.9399 0.2248 0.2568
vn 0.9106 0.3922 -0.1307
vn 0.9055 0.1431 0.3995
vn 0.9597 -0.1007 0.2623
vn 0.9350 0.3486 -0.0659
vn 0.7624 -0.0843 -0.6415
vn -0.3921 0.9107 0.1296
vn -0.4736 0.6989 0.5359
vn 0.0000 0.0333 -0.9994
vn -0.5735 0.0322 -0.8186
vn 0.0000 -0.3713 -0.9285
vn -0.4837 -0.2790 -0.8296
vn -0.0000 -0.5616 -0.8274
vn -0.9544 -0.2394 0.1781
vn -0.8637 -0.4971 -0.0834
vn -0.4870 0.7035 0.5175
vn -0.6663 0.4703 0.5786
vn -0.9650 0.0100 0.2619
vn -0.5258 0.4043 -0.7483
vn -0.6747 -0.6679 -0.3141
vn -0.7142 -0.3906 -0.5809
vn -0.6445 0.7332 -0.2168
vn -0.8646 0.4081 -0.2930
vn 0.1499 0.3237 0.9342
vn -0.7011 -0.6937 -0.1649
vn -0.3304 -0.9438 -0.0003
vn 0.0000 -0.3092 0.9510
vn 0.0000 -0.9694 0.2454
vn 0.3304 -0.9438 -0.0003
vn -0.9308 0.3596 0.0643
vn -0.7560 -0.3104 -0.5762
vn -0.5789 0.7340 -0.3551
vn -0.5772 0.0629 -0.8141
vn 0.0000 0.2748 -0.9615
vn 0.0000 0.9037 -0.4282
vn 0.0000 -0.7670 -0.6416
vn 0.7009 -0.6939 -0.1648
vn 0.9307 0.3599 0.0645
vn 0.7561 -0.3103 -0.5761
vn 0.5788 0.7342 -0.3550
vn 0.5774 0.0631 -0.8140
vn -0.9985 0.0183 -0.0506
vn -0.0001 -0.0098 0.9999
vn -0.0000 0.2720 0.9622
vn 0.3067 0.1134 -0.9450
vn 0.0000 0.2995 -0.9541
vn 0.8663 -0.0263 0.4989
vn 0.9985 0.0186 -0.0504
vn -0.8661 -0.0264 0.4991
vn -0.8179 0.1496 0.5556
vn -0.5321 -0.5606 -0.6345
vn -0.2974 -0.6278 -0.7193
vn -0.3594 0.9166 0.1752
vn -0.5531 0.6827 0.4773
vn -0.3067 0.1134 -0.9450
vn -0.0788 0.7161 -0.6935
vn -0.1190 0.0220 -0.9926
vn 0.3271 0.6627 -0.6736
vn -0.0939 -0.7815 -0.6168
vn 0.8520 0.0342 -0.5223
vn 0.9964 0.0577 -0.0614
vn 0.6423 0.7360 0.2136
vn 0.9599 0.0567 0.2745
vn 0.7385 0.6736 -0.0270
vn 0.6366 -0.7704 -0.0338
vn 0.5610 -0.8135 0.1531
vn -0.4198 0.6803 -0.6008
vn -0.8093 0.0517 -0.5851
vn -0.5659 0.7528 -0.3361
vn -0.5698 0.0431 -0.8206
vn -0.4621 -0.8120 -0.3565
vn -0.3741 -0.7653 -0.5238
vn 0.6226 0.6722 -0.4006
vn 0.0596 0.8835 -0.4646
vn 0.1896 0.8798 -0.4358
vn -0.4312 0.5170 -0.7394
vn 0.0000 -1.0000 0.0000
vn -0.0013 -1.0000 0.0027
vn 0.4948 -0.8472 0.1933
vn -0.0006 -1.0000 0.0013
vn 0.3549 0.7962 0.4899
vn -0.8441 0.4322 0.3173
vn 0.4909 0.3167 0.8116
vn 0.5022 -0.7679 -0.3974
vn 0.9979 0.0117 0.0636
vn -0.3415 -0.6176 -0.7085
vn 0.2610 -0.2176 -0.9405
vn -0.6462 -0.1112 -0.7550
vn -0.0005 0.5937 -0.8047
vn -0.4508 0.8873 -0.0973
vn -0.4517 0.8394 -0.3022
vn 0.0000 0.9632 -0.2689
vn -0.3348 0.8072 -0.4862
vn -0.1507 0.9308 0.3329
vn -0.1581 0.9058 0.3931
vn -0.3695 0.7282 -0.5773
vn 0.1637 0.8348 0.5257
vn 0.4507 0.8873 -0.0972
vn 0.4507 0.8400 -0.3021
vn 0.3528 0.8025 0.4811
vn 0.7045 0.6146 0.3549
vn 0.4168 0.6666 -0.6180
vn 0.1507 0.9308 0.3329
vn 0.3348 0.8072 -0.4861
vn 0.1581 0.9058 0.3931
vn 0.3695 0.7282 -0.5771
vn -0.0002 0.2617 -0.9651
vn -0.6097 -0.4212 -0.6715
vn -0.9988 0.0472 0.0110
vn -0.7831 -0.5879 -0.2025
vn -0.9999 0.0001 0.0152
vn -0.1634 0.8350 0.5254
vn -0.3512 0.8031 0.4812
vn -0.6954 -0.7074 -0.1262
vn -0.2392 -0.8840 -0.4015
vn -0.6794 -0.6840 -0.2655
vn 0.4371 0.7504 0.4958
vn 0.0000 0.6673 0.7447
vn 0.2392 -0.8840 -0.4016
vn 0.6953 -0.7075 -0.1261
vn 0.2823 -0.8329 -0.4760
vn 0.6805 -0.6831 -0.2648
vn -0.0000 -0.8611 -0.5084
vn -0.0175 -0.9995 -0.0257
vn 0.0000 -0.9978 0.0661
vn 0.0000 -0.9988 -0.0486
vn -0.0146 -0.9827 0.1845
vn -0.0744 0.8600 -0.5048
vn -0.0000 0.9254 -0.3789
vn 0.0000 0.8360 -0.5487
vn -0.2198 0.9039 -0.3668
vn 0.9991 -0.0324 -0.0263
vn 0.8357 0.0060 -0.5491
vn 0.8543 0.4341 -0.2857
vn 0.8318 -0.4665 -0.3008
vn -0.0003 0.4250 0.9052
vn -0.0011 0.9990 -0.0445
vn -0.0002 0.4341 0.9009
vn -0.0009 0.9990 -0.0447
vn -0.7208 0.5874 0.3680
vn -0.5637 0.7763 0.2820
vn 0.0000 0.8900 0.4559
vn -0.9742 0.0020 0.2257
vn -0.9728 0.0225 0.2304
vn 0.6221 -0.7829 -0.0056
vn 0.6342 -0.7698 -0.0710
vn 0.9770 0.2125 0.0173
vn 0.0000 -0.9575 0.2882
vn -0.0000 -0.6315 0.7754
vn 0.4614 0.8242 0.3281
vn 0.5892 0.6666 0.4566
vn 0.6488 0.3671 0.6666
vn -0.4614 0.8242 0.3281
vn -0.4993 0.7650 0.4068
vn 0.9728 0.0227 0.2304
vn 0.0000 0.9720 0.2351
vn -0.1646 0.8094 -0.5636
vn 0.3482 0.8449 -0.4060
vn -0.0005 0.3880 -0.9216
vn 0.0000 -0.4885 -0.8726
vn -0.0009 0.3968 -0.9179
vn 0.0005 -0.4996 -0.8662
vn 0.0009 -0.9992 0.0394
vn 0.0000 -0.9993 0.0375
vn 0.0003 -0.4573 0.8893
vn -0.0008 -0.4702 0.8826
vn -0.0001 0.2002 0.9797
vn -0.1882 -0.5843 0.7894
vn 0.8440 -0.4627 0.2713
vn 0.8824 0.0117 0.4704
vn -0.6197 -0.7848 -0.0055
vn -0.6359 -0.7685 -0.0704
vn -0.9774 0.2104 0.0175
vn 0.8598 0.4363 0.2653
vn -0.0001 0.8806 0.4738
vn -0.5543 -0.8044 0.2137
vn 0.0146 -0.9827 0.1845
vn -0.4379 -0.6610 0.6093
vn 0.0173 -0.9995 -0.0258
vn 0.0742 0.8598 -0.5051
vn -0.3485 0.8452 -0.4052
vn 0.1624 0.8101 -0.5634
vn 0.5561 -0.8032 0.2135
vn -0.0497 -0.9803 -0.1911
vn -0.7355 -0.1310 -0.6647
vn 0.0000 0.3998 -0.9166
vn -0.4168 0.6666 -0.6180
vn -0.7036 0.6154 0.3551
vn -0.5112 0.2799 0.8126
vn -0.6928 0.7211 -0.0008
vn -0.8317 0.3801 0.4047
vn -0.5694 0.5590 0.6027
vn 0.0549 0.9895 0.1338
vn -0.2504 0.6121 0.7501
vn 0.4836 -0.2788 -0.8296
vn 0.3848 0.8354 0.3923
vn -0.1326 0.4857 0.8640
vn -0.1499 0.3237 0.9342
vn -0.0000 0.2170 0.9762
vn -0.0512 0.0193 0.9985
vn -0.0678 0.8557 0.5129
vn -0.4530 -0.8514 -0.2641
vn 0.9268 0.0205 0.3750
vn 0.5508 0.7883 0.2740
vn 0.0620 0.9820 0.1783
vn -0.2584 0.8423 0.4729
vn -0.0767 0.9867 0.1429
vn -0.1975 0.9795 0.0393
vn -0.5420 0.8055 -0.2395
vn -0.8697 0.0279 -0.4928
vn 0.9311 0.3175 -0.1793
vn 0.4378 -0.1968 -0.8773
vn 0.2194 0.5659 -0.7947
vn 0.5190 0.4133 0.7482
vn 0.4187 0.8959 -0.1482
vn -0.1493 0.8860 0.4391
vn 0.0000 0.9938 0.1109
vn 0.0000 0.2520 -0.9677
vn -0.0117 0.9588 0.2838
vn 0.0000 -0.2501 -0.9682
vn -0.0000 -0.3921 -0.9199
vn 0.0117 0.9588 0.2838
vn 0.0000 0.5069 0.8620
vn 0.0000 1.0000 -0.0053
vn -0.2194 0.5659 -0.7947
vn -0.4187 0.8959 -0.1482
vn -0.5190 0.4133 0.7482
vn 0.1493 0.8860 0.4391
vn -0.9311 0.3175 -0.1793
vn -0.4378 -0.1969 -0.8772
vn -0.4017 -0.8625 -0.3077
vn -0.1758 -0.9767 0.1231
vn -0.4161 -0.8612 0.2918
vn -0.3917 -0.9097 -0.1375
vn -0.5032 -0.6186 0.6034
vn 0.0000 -0.5582 0.8297
vn -0.5478 -0.3974 0.7362
vn -0.8640 -0.3125 0.3946
vn 0.5478 -0.3974 0.7362
vn 0.8640 -0.3123 0.3947
vn 0.8626 -0.0720 0.5006
vn -0.8626 -0.0719 0.5006
vn -0.0218 -0.9955 0.0925
vn -0.4469 0.8540 -0.2662
vn -0.5686 0.8041 -0.1735
vn -0.0000 0.9840 -0.1781
vn 0.4467 0.8541 -0.2663
vn 0.5686 0.8041 -0.1737
vn 0.5032 -0.6186 0.6034
vn -0.9044 -0.4160 -0.0951
vn -0.8963 -0.1092 -0.4297
vn -0.7485 -0.2855 -0.5985
vn -0.3934 -0.4570 -0.7977
vn -0.3025 -0.9528 0.0239
vn -0.6986 -0.1196 -0.7054
vn -0.3596 -0.3976 -0.8441
vn -0.7583 0.2703 -0.5932
vn -0.1993 -0.5505 -0.8107
vn -0.1048 -0.8064 -0.5820
vn -0.4706 -0.7716 -0.4279
vn 0.0000 -0.6687 -0.7435
vn 0.3598 -0.3973 -0.8442
vn 0.7583 0.2708 -0.5930
vn -0.7008 -0.6982 0.1462
vn -0.8131 -0.5407 0.2155
vn -0.3395 -0.3593 -0.8693
vn -0.4498 -0.7972 -0.4027
vn -0.9119 -0.3527 0.2099
vn 0.6013 0.7982 0.0351
vn -0.9787 -0.1195 -0.1669
vn 0.0000 -0.7277 0.6859
vn -0.4122 -0.8570 0.3091
vn -0.9737 0.2059 0.0971
vn 0.9054 0.4046 0.1285
vn 0.9738 0.2057 0.0971
vn 0.0000 0.9611 -0.2759
vn 0.0000 0.8875 -0.4607
vn -0.9051 0.4051 0.1285
vn -0.8875 0.3008 -0.3490
vn -0.7007 0.7041 -0.1151
vn 0.4121 -0.8571 0.3091
vn 0.0000 -0.9262 0.3769
vn 0.1758 -0.9767 0.1231
vn 0.0000 -0.9990 0.0436
vn -0.0167 -0.9694 -0.2449
vn 0.7009 0.7039 -0.1151
vn 0.3987 0.7837 -0.4763
vn 0.9787 -0.1195 -0.1669
vn 0.8132 -0.5407 0.2152
vn 0.0000 -0.9242 -0.3818
vn -0.3987 0.7837 -0.4762
vn -0.6013 0.7982 0.0351
vn 0.0218 -0.9955 0.0925
vn -0.5022 -0.7679 -0.3974
vn -0.1150 -0.8960 0.4289
vn 0.3917 -0.9097 -0.1375
vn 0.7410 -0.6104 0.2800
vn 0.7006 -0.6985 0.1457
vn 0.7486 -0.2849 -0.5987
vn 0.6988 -0.1195 -0.7053
vn 0.4498 -0.7972 -0.4027
vn 0.7833 -0.5878 -0.2022
vn 0.4160 -0.8613 0.2917
vn 0.9119 -0.3529 0.2095
vn 0.9044 -0.4160 -0.0951
vn 0.3393 -0.3595 -0.8693
vn 0.0000 -0.3126 -0.9499
vn 0.1993 -0.5505 -0.8107
vn 0.0167 -0.9694 -0.2449
vn 0.1048 -0.8064 -0.5820
vn 0.8875 0.3008 -0.3490
vn 0.6332 0.6931 -0.3444
vn 0.4706 -0.7716 -0.4279
vn 0.3933 -0.4572 -0.7977
vn 0.3025 -0.9528 0.0239
vn -0.6332 0.6932 -0.3442
vn 0.8963 -0.1092 -0.4297
vn 0.4012 -0.8626 -0.3079
vn 0.3414 -0.6176 -0.7085
vn 0.6093 -0.4196 -0.6728
vn 0.2584 0.8423 0.4729
vn 1.0000 -0.0072 -0.0017
vn 0.4943 0.2624 0.8287
vn 0.9997 0.0081 0.0216
vn 0.5091 -0.2946 -0.8086
vn 0.9996 0.0041 0.0269
vn 0.5297 -0.2903 -0.7969
vn 0.0000 0.4680 -0.8837
vn 0.2419 0.4707 -0.8484
vn 0.0000 0.4980 -0.8671
vn 0.2485 0.4584 -0.8533
vn 0.3743 0.7871 0.4902
vn 0.5803 0.3743 0.7232
vn 0.2323 0.0686 0.9702
vn 0.6747 -0.5069 0.5365
vn 0.1587 0.6519 0.7414
vn -0.0703 0.0224 -0.9973
vn 0.1469 0.0226 -0.9889
vn 0.0801 -0.9967 -0.0132
vn -0.1767 0.9841 0.0189
vn -0.2282 -0.9684 -0.0999
vn -0.4781 -0.0653 0.8759
vn -0.2629 -0.0713 0.9622
vn -0.9802 -0.1373 -0.1429
vn -0.3692 0.9284 -0.0418
vn -0.6924 -0.0140 -0.7213
vn -0.0769 -0.9928 -0.0914
vn -0.7805 -0.5980 -0.1819
vn -0.8442 0.5176 -0.1394
vn -0.0687 0.9659 0.2496
vn 0.0021 -1.0000 -0.0043
vn 0.3978 0.8148 0.4217
vn 0.4576 -0.8345 0.3070
vn -0.9394 0.0196 -0.3422
vn 0.8631 -0.0239 0.5045
vn -0.5918 0.8057 -0.0230
vn -0.4864 -0.8527 -0.1903
vn -0.0930 0.9775 0.1891
vn -0.1607 0.9700 0.1823
vn 1.0000 -0.0038 -0.0064
vn 0.4937 0.2643 0.8285
vn 0.9997 0.0035 0.0256
vn -0.5297 -0.2903 -0.7969
vn -0.5091 -0.2946 -0.8086
vn -0.9996 0.0041 0.0269
vn -0.4943 0.2624 0.8287
vn -0.4908 -0.2945 -0.8199
vn -0.4926 0.2656 0.8287
vn -1.0000 -0.0072 -0.0017
vn 0.4961 -0.2893 -0.8186
vn 0.5116 -0.2980 -0.8059
vn -0.4913 0.2598 0.8313
vn -0.2302 -0.9442 0.2356
vn -0.3555 0.8402 0.4095
vn 0.4914 0.2658 0.8293
vn 0.5013 -0.3562 -0.7885
vn -0.0995 0.8404 0.5327
vn 0.9998 0.0011 0.0197
vn 0.4915 0.2582 0.8317
vn -0.9997 0.0081 0.0216
vn 0.0404 0.7712 0.6352
vn -0.1990 0.7978 0.5692
vn -0.4761 0.5925 0.6498
vn -0.0710 0.2616 0.9625
vn -0.4714 0.5702 0.6727
vn -0.5041 0.0638 0.8613
vn -0.2786 0.1447 -0.9494
vn -0.3270 0.5750 -0.7499
vn 0.0310 0.3278 -0.9442
vn -0.3712 0.6141 -0.6964
vn 0.0012 -0.0090 0.9999
vn 0.6562 -0.0310 0.7539
vn 0.0471 0.1902 -0.9806
vn 0.6201 0.1207 -0.7751
vn 0.6180 0.3435 -0.7071
vn -0.4723 -0.0296 0.8809
vn -0.0914 -0.9943 -0.0554
vn -0.2205 -0.0482 0.9742
vn 0.0442 0.9954 0.0849
vn -0.2353 0.9719 -0.0106
vn -0.8074 0.5581 0.1914
vn -0.3071 0.9432 0.1265
vn -0.0828 0.0704 -0.9940
vn -0.3626 -0.9225 -0.1325
vn -0.8527 -0.4952 -0.1663
vn 0.1471 0.0779 -0.9861
vn -0.1772 0.9536 0.2433
vn -0.8953 0.0318 0.4443
vn -0.1539 0.3058 -0.9395
vn -0.0353 -0.2419 -0.9696
vn -0.7742 0.6258 -0.0949
vn -0.7077 0.0955 -0.7000
vn -0.9736 -0.0117 -0.2280
vn -0.4835 0.2466 -0.8398
vn -0.5756 0.1557 0.8028
vn -0.9425 0.0082 0.3341
vn -0.8121 0.0157 -0.5833
vn -0.7521 -0.0125 0.6589
vn -0.2033 -0.0698 0.9766
vn 0.0677 0.8558 0.5129
vn 0.0155 0.8575 0.5142
vn -0.0045 0.8580 -0.5137
vn 0.1024 0.0072 -0.9947
vn 0.0256 -0.0126 -0.9996
vn 0.0761 -0.8649 -0.4961
vn 0.0292 -0.9991 -0.0309
vn 0.1077 -0.8636 -0.4924
vn 0.1569 0.0706 -0.9851
vn -0.5668 -0.0037 -0.8238
vn 0.0761 0.8662 -0.4937
vn 0.0913 -0.8500 0.5188
vn -0.0590 0.9902 0.1265
vn 0.0969 -0.8404 0.5331
vn 0.0512 0.0193 0.9985
vn 0.0294 0.0073 0.9995
vn -0.8440 -0.4626 0.2713
vn -0.8357 0.0060 -0.5491
vn -0.9991 -0.0324 -0.0263
vn -0.8544 0.4340 -0.2857
vn -0.8318 -0.4664 -0.3008
vn -0.8598 0.4363 0.2653
vn -0.8824 0.0117 0.4703
vn -0.4563 -0.0578 0.8879
vn -0.3011 0.9532 -0.0269
vn -0.0613 0.0492 -0.9969
vn 0.0005 0.3883 -0.9215
vn 0.0009 0.9990 -0.0442
vn 0.0009 0.3968 -0.9179
vn 0.0011 0.9990 -0.0445
vn 0.0003 0.4250 0.9052
vn 0.0002 0.4341 0.9009
vn 0.0008 -0.4702 0.8826
vn -0.0003 -0.4573 0.8893
vn 0.0000 -0.9993 0.0380
vn -0.0009 -0.9992 0.0394
vn -0.0005 -0.5000 -0.8660
vn -0.2323 0.0686 0.9702
vn -0.6747 -0.5069 0.5365
vn 0.2629 -0.0711 0.9622
vn 0.1766 0.9841 0.0185
vn 0.9802 -0.1368 -0.1434
vn 0.3705 0.9279 -0.0416
vn 0.8257 -0.1896 -0.5312
vn 0.8227 0.2743 0.4978
vn 0.8343 -0.1849 -0.5192
vn -0.8261 -0.1885 -0.5311
vn -0.8343 -0.1849 -0.5192
vn -0.8227 0.2743 0.4978
vn 0.9976 -0.0306 0.0627
vn 0.0000 0.4725 0.8813
vn -0.9976 -0.0286 0.0634
vn 0.0000 -0.3782 -0.9257
vn 0.0000 -0.7255 0.6881
vn 0.0000 -0.3476 -0.9376
vn -0.0802 -0.9967 -0.0135
vn 0.0767 -0.9929 -0.0911
vn 0.4782 -0.0657 0.8758
vn 0.2277 -0.9686 -0.0997
vn 0.0699 0.0225 -0.9973
vn -0.1473 0.0229 -0.9888
vn 0.6915 -0.0131 -0.7222
vn 0.7811 -0.5978 -0.1804
vn 0.9092 -0.0662 0.4111
vn 0.8445 0.5171 -0.1393
vn 0.3694 -0.2360 -0.8988
vn 0.6232 -0.4025 0.6705
vn 0.1418 -0.9892 -0.0370
vn 0.5199 -0.2441 0.8186
vn 0.9572 -0.1268 0.2600
vn 0.7521 -0.0125 0.6590
vn 0.3645 -0.7027 0.6110
vn -0.2004 -0.9774 -0.0669
vn -0.0553 -0.7775 0.6265
vn -0.4185 -0.7032 0.5747
vn 0.2929 0.0046 -0.9561
vn -0.0941 -0.0715 -0.9930
vn -0.0472 0.1903 -0.9806
vn 0.2072 -0.6044 -0.7692
vn 0.0010 -0.1964 0.9805
vn -0.0310 0.3277 -0.9442
vn -0.6200 0.1207 -0.7753
vn 0.2785 0.1446 -0.9495
vn 0.8361 -0.0381 -0.5471
vn 0.5041 0.0638 0.8613
vn 0.0710 0.2616 0.9625
vn -0.0012 -0.0090 0.9999
vn -0.6567 -0.0310 0.7535
vn -0.5864 0.1928 0.7867
vn -0.1225 -0.6829 -0.7201
vn -0.3652 -0.6097 -0.7034
vn -0.0293 -0.9991 -0.0310
vn 0.9737 -0.0120 -0.2276
vn -0.1470 0.0779 -0.9861
vn 0.0913 -0.9943 -0.0554
vn 0.4761 0.5925 0.6498
vn 0.3071 0.9432 0.1265
vn 0.8076 0.5579 0.1910
vn 0.4830 0.2462 -0.8402
vn 0.3265 0.5752 -0.7500
vn 0.4714 0.5699 0.6730
vn -0.2960 0.9410 -0.1640
vn 0.0510 0.6832 0.7284
vn -0.3555 0.9010 -0.2485
vn -0.2299 0.7221 0.6524
vn 0.3712 0.6141 -0.6964
vn 0.1539 0.3058 -0.9395
vn -0.3586 0.4570 -0.8140
vn -0.0956 0.5024 -0.8593
vn -0.4555 0.8867 -0.0785
vn -0.4103 0.6434 0.6463
vn 0.8119 0.0146 -0.5836
vn 0.5756 0.1557 0.8028
vn 0.1773 0.9536 0.2434
vn 0.9425 0.0082 0.3341
vn 0.1620 0.3914 0.9058
vn -0.0442 0.9954 0.0849
vn -0.7186 0.6943 -0.0389
vn 0.4721 -0.0293 0.8810
vn 0.3637 -0.9221 -0.1323
vn 0.2475 0.4902 -0.8357
vn 0.0000 0.5162 -0.8565
vn 0.7741 0.6260 -0.0939
vn 0.8954 0.0323 0.4441
vn 0.8530 -0.4946 -0.1665
vn 0.2205 -0.0482 0.9742
vn 0.0822 0.0703 -0.9941
vn 0.2352 0.9719 -0.0105
vn 0.7092 0.0947 -0.6986
vn 0.2349 -0.8969 0.3746
vn 0.4876 -0.8521 -0.1902
vn 0.4245 -0.8928 0.1503
vn 0.3285 0.4476 -0.8317
vn 0.3071 0.4770 -0.8235
vn 0.3295 0.4544 -0.8276
vn 0.3042 0.4877 -0.8182
vn 0.8696 0.0278 -0.4929
vn 0.5932 0.8047 -0.0222
vn 0.9395 0.0198 -0.3421
vn 0.5419 0.8055 -0.2396
vn 0.1608 0.9700 0.1823
vn -0.9269 0.0204 0.3747
vn -0.4576 -0.8345 0.3070
vn -0.8627 -0.0238 0.5051
vn -0.4949 -0.8471 0.1932
vn -0.0021 -1.0000 -0.0043
vn 0.2303 -0.9442 0.2355
vn -0.0620 0.9820 0.1783
vn -0.3978 0.8147 0.4219
vn 0.0688 0.9658 0.2498
vn 0.5729 -0.0198 0.8194
vn 0.9473 -0.0192 0.3197
vn 0.1988 0.7978 0.5692
vn -0.0407 0.7711 0.6353
vn 0.5773 0.7609 0.2962
vn 0.3374 -0.8860 0.3181
vn 0.0396 -0.8862 0.4616
vn 0.3245 0.8020 0.5015
vn 0.3557 0.8402 0.4093
vn 0.4088 0.8239 0.3923
vn 0.6885 -0.0243 0.7248
vn 0.0931 0.9775 0.1891
vn 0.1471 -0.8972 0.4164
vn -0.1949 -0.8784 0.4364
vn 0.1975 0.9795 0.0393
vn -0.3348 -0.0509 0.9409
vn 0.2852 -0.0197 0.9583
vn 0.0013 -1.0000 0.0027
vn 0.0997 0.8404 0.5327
vn 0.0767 0.9868 0.1429
vn 0.0410 -0.9445 0.3259
vn 0.4530 -0.8514 -0.2641
vn 0.0006 -1.0000 0.0013
vn 0.3007 0.4864 -0.8203
vn 0.2993 0.4900 -0.8187
vn -0.6430 0.7354 0.2137
vn -0.5508 0.7883 0.2740
vn -0.3549 0.7962 0.4899
vn -0.5617 -0.8130 0.1533
vn -0.9599 0.0564 0.2745
vn 0.8093 0.0517 -0.5851
vn 0.4621 -0.8120 -0.3565
vn 0.6928 0.7211 -0.0008
vn 0.6806 -0.0186 0.7324
vn 0.0534 0.8242 0.5637
vn 0.1394 -0.0242 0.9899
vn 0.5659 0.7528 -0.3361
vn -0.2349 -0.8969 0.3746
vn -0.4255 -0.8925 0.1492
vn -0.3742 0.7872 0.4901
vn -0.5803 0.3743 0.7232
vn -0.0410 -0.9445 0.3259
vn -0.1471 -0.8972 0.4164
vn -0.2853 -0.0197 0.9582
vn 0.3360 -0.0511 0.9405
vn -0.3245 0.8020 0.5015
vn -0.5729 -0.0198 0.8194
vn -0.1405 -0.0240 0.9898
vn -0.0536 0.8243 0.5636
vn -0.4082 0.8244 0.3920
vn -0.9474 -0.0195 0.3194
vn -0.5774 0.7612 0.2951
vn 0.1947 -0.8784 0.4363
vn -0.3364 -0.8864 0.3179
vn -0.0399 -0.8862 0.4616
vn -0.1511 -0.0187 0.9883
vn -0.6883 -0.0241 0.7250
vn -0.6808 -0.0186 0.7322
vn 0.1509 -0.0186 0.9883
vn -0.0127 0.0490 -0.9987
vn -0.0747 0.8545 -0.5139
vn -0.2692 -0.6956 -0.6661
vn -0.0977 0.8680 0.4868
vn -0.3691 -0.2356 -0.8990
vn -0.2921 0.0046 -0.9564
vn -0.2072 -0.6044 -0.7692
vn -0.6237 -0.4035 0.6694
vn -0.5199 -0.2441 0.8186
vn -0.9572 -0.1274 0.2597
vn -0.8357 -0.0380 -0.5478
vn -0.3648 -0.7027 0.6107
vn -0.0011 -0.1964 0.9805
vn -0.1420 -0.9892 -0.0370
vn 0.4175 -0.7035 0.5751
vn 0.2000 -0.9775 -0.0668
vn 0.5580 -0.8296 -0.0191
vn 0.1224 -0.6829 -0.7201
vn 0.0940 -0.0715 -0.9930
vn 0.0557 -0.7775 0.6263
vn -0.1675 0.1375 0.9762
vn -0.1616 0.3923 0.9055
vn -0.6435 -0.7514 0.1459
vn 0.3559 0.9008 -0.2487
vn -0.0511 0.6832 0.7284
vn 0.5871 0.8011 -0.1162
vn -0.1363 -0.0236 -0.9904
vn -0.9058 -0.4236 -0.0097
vn 0.2960 0.9410 -0.1640
vn -0.2553 0.9472 -0.1937
vn -0.6005 0.6641 0.4454
vn -0.3529 0.4335 0.8291
vn -0.9822 0.1673 -0.0848
vn 0.4039 0.8924 -0.2013
vn -0.5595 0.4321 -0.7073
vn 0.6297 -0.2135 0.7469
vn 0.5863 0.1929 0.7868
vn 0.7186 0.6943 -0.0389
vn 0.4103 0.6434 0.6463
vn 0.3657 -0.6095 -0.7034
vn -0.3071 0.4771 -0.8234
vn -0.3042 0.4877 -0.8182
vn -0.3291 0.4546 -0.8277
vn 0.2299 0.7221 0.6524
vn 0.4555 0.8867 -0.0785
vn -0.3284 0.4476 -0.8317
vn -0.2420 0.4708 -0.8484
vn -0.2475 0.4902 -0.8357
vn 0.0956 0.5024 -0.8593
vn -0.3007 0.4864 -0.8203
vn -0.2993 0.4900 -0.8187
vn 0.9199 -0.3899 0.0418
vn 0.9993 -0.0121 0.0340
vn 0.6490 -0.2459 -0.7199
vn 0.3586 0.4570 -0.8140
vn 0.9684 0.2440 -0.0512
vn -0.2488 0.4583 -0.8533
vn -0.8643 -0.1361 -0.4842
vn -0.8376 0.2192 0.5002
vn 0.8643 -0.1357 -0.4843
vn -0.0000 -0.2883 -0.9575
vn 0.0000 0.5813 0.8137
vn 0.8376 0.2192 0.5002
vn 0.0000 0.4327 0.9015
vn 0.5672 -0.0035 -0.8235
vn 0.0589 0.9902 0.1263
vn -0.1571 0.0707 -0.9850
vn 0.2034 -0.0698 0.9766
vn 0.4564 -0.0579 0.8879
vn 0.3010 0.9532 -0.0268
vn 0.0607 0.0491 -0.9969
vn 0.8858 -0.0349 0.4627
vn 0.7699 -0.6150 -0.1702
vn 0.2192 -0.9691 -0.1132
vn 0.1668 0.1377 0.9763
vn 0.0352 -0.2416 -0.9697
vn 0.6991 0.0241 -0.7145
vn 0.6432 -0.7516 0.1458
vn 0.3543 0.4331 0.8288
vn 0.9057 -0.4237 -0.0102
vn 0.7968 0.5914 -0.1236
vn 0.1360 -0.0234 -0.9904
vn -0.5870 0.8012 -0.1160
vn 0.9823 0.1667 -0.0847
vn 0.2567 0.9469 -0.1937
vn 0.6000 0.6641 0.4460
vn -0.4036 0.8925 -0.2011
vn 0.5589 0.4313 -0.7082
vn 0.2692 -0.6956 -0.6661
vn -0.0156 0.8575 0.5142
vn 0.0977 0.8680 0.4868
vn 0.0747 0.8545 -0.5139
vn 0.0127 0.0490 -0.9987
vn -0.0914 -0.8500 0.5188
vn -0.9098 -0.0669 0.4095
vn -0.0294 0.0073 0.9995
vn -0.0970 -0.8404 0.5331
vn 0.0046 0.8580 -0.5137
vn -0.0256 -0.0126 -0.9996
vn -0.0761 0.8662 -0.4937
vn -0.0761 -0.8649 -0.4961
vn -0.1024 0.0072 -0.9947
vn -0.1077 -0.8636 -0.4924
vn 0.4908 -0.2945 -0.8199
vn 0.4312 0.5170 -0.7394
vn -0.4937 0.2643 0.8285
vn -0.7673 0.6383 0.0612
vn -1.0000 -0.0038 -0.0064
vn -0.4961 -0.2893 -0.8186
vn -0.4666 0.4899 -0.7364
vn -0.2480 -0.8066 -0.5365
vn 0.0943 -0.7814 -0.6169
vn -0.5355 -0.7874 -0.3053
vn 0.3742 -0.7653 -0.5237
vn -0.8520 0.0342 -0.5223
vn -0.6367 -0.7703 -0.0336
vn -0.9964 0.0576 -0.0613
vn 0.4198 0.6803 -0.6007
vn -0.0596 0.8834 -0.4648
vn 0.0792 0.7160 -0.6936
vn -0.2192 -0.9691 -0.1132
vn -0.7702 -0.6145 -0.1706
vn -0.7969 0.5911 -0.1245
vn -0.6979 0.0246 -0.7158
vn -0.8858 -0.0349 0.4627
vn -0.1896 0.8798 -0.4358
vn -0.9998 0.0011 0.0197
vn -0.6226 0.6722 -0.4006
vn -0.7385 0.6736 -0.0270
vn -0.3397 0.8692 -0.3593
vn -0.3270 0.6627 -0.6737
vn -0.4298 -0.0081 -0.9029
vn 0.1187 0.0221 -0.9927
vn 0.5699 0.0432 -0.8206
vn 0.4913 0.2598 0.8313
vn -0.5116 -0.2980 -0.8059
vn -0.9997 0.0035 0.0256
vn -0.4317 0.5010 0.7501
vn 0.4317 0.5010 0.7501
vn -0.1587 0.6519 0.7414
vn 0.0000 0.5584 0.8296
vn -0.1659 0.6357 0.7539
vn 0.1659 0.6357 0.7539
vn -0.9994 -0.0118 0.0334
vn -0.6292 -0.2138 0.7472
vn -0.6182 0.3430 -0.7072
vn -0.4909 0.3167 0.8116
vn -0.9979 0.0117 0.0636
vn -0.5013 -0.3562 -0.7885
vn -0.9686 0.2434 -0.0513
vn -0.6491 -0.2463 -0.7197
vn -0.9197 -0.3903 0.0421
vn -0.5577 -0.8298 -0.0191
vn -0.4914 0.2658 0.8293
vn 0.4926 0.2656 0.8287
vn -0.4915 0.2582 0.8317
vn 0.4813 0.2553 0.8385
vn 0.9999 0.0001 0.0152
vn -0.2610 -0.2176 -0.9405
vn 0.9988 0.0470 0.0112
vn 0.6460 -0.1118 -0.7551
vn 0.0294 0.7935 0.6079
vn 0.2841 -0.8066 -0.5183
vn 0.0000 0.8218 0.5697
vn 0.4982 0.7895 0.3583
vn -0.8507 0.0405 0.5241
vn 0.8505 0.0411 0.5244
vn 0.7301 -0.6825 -0.0337
vn 0.4808 -0.4710 0.7396
vn -0.2846 -0.8067 -0.5178
vn -0.7303 -0.6822 -0.0339
vn -0.3949 -0.9171 0.0553
vn 0.0000 0.9944 0.1055
vn 0.2836 0.9351 0.2125
vn 0.0000 0.5408 0.8412
vn -0.0000 -0.6938 0.7201
vn 0.1944 0.5646 0.8021
vn -0.1944 0.5646 0.8021
vn -0.0000 -0.8803 -0.4743
vn 0.3954 -0.9168 0.0557
vn -0.0000 -0.8220 -0.5695
vn -0.4383 0.7501 0.4952
vn -0.2836 0.9351 0.2125
vn -0.0001 -0.9996 0.0284
vn -0.2822 -0.8329 -0.4760
vn -0.4812 -0.4715 0.7389
vn -0.4979 0.7898 0.3581
vn -0.0307 0.7936 0.6077
vn -0.9993 -0.0111 0.0343
vn -0.7115 0.4363 -0.5508
vn -0.6614 -0.6456 -0.3817
vn 0.1934 0.9071 -0.3739
vn -0.3052 0.1845 -0.9342
vn -0.6107 0.7233 -0.3223
vn 0.6535 -0.6556 -0.3783
vn 0.7059 0.4331 -0.5604
vn 0.9996 -0.0085 0.0263
vn -0.5584 0.8218 -0.1129
vn 0.0171 0.9822 -0.1869
vn 0.2503 -0.8152 -0.5222
vn 0.6612 -0.7064 0.2526
vn 0.2235 -0.9456 0.2362
vn -0.1499 -0.4779 -0.8655
vn 0.0187 0.4920 0.8704
vn -0.3511 0.7215 0.5968
vn -0.6308 0.2209 0.7438
vn 0.2392 0.8374 0.4914
vn -0.1298 -0.7533 -0.6447
vn -0.6033 -0.7653 0.2243
vn -0.4850 -0.2414 0.8405
vn 0.0714 -0.0975 0.9926
vn -0.1569 0.3173 0.9352
vn 0.1620 -0.4675 0.8690
vn -0.6361 -0.3266 -0.6991
vn -0.9990 -0.0176 0.0407
vn 0.3278 0.3010 0.8955
vn -0.1024 0.5593 0.8226
vn 0.1550 0.7302 0.6654
vn 0.2930 0.1079 0.9500
vn -0.6208 -0.3118 -0.7193
vn -0.9941 -0.0058 -0.1080
vn 0.3598 0.0391 0.9322
vn 0.4115 0.1701 0.8954
vn -0.6045 0.0747 -0.7930
vn -0.9897 0.1366 -0.0421
vn 0.2558 0.0921 0.9623
vn 0.1021 0.3309 0.9381
vn -0.7284 0.2717 0.6289
vn -0.7108 0.3654 0.6010
vn -0.2417 0.2802 0.9290
vn -0.7773 0.2838 0.5615
vn -0.2463 0.4260 0.8705
vn 0.1448 0.5518 0.8213
vn 0.7745 0.1783 0.6069
vn 0.4697 -0.3005 0.8301
vn 0.5105 0.6367 0.5779
vn -0.0302 0.4457 0.8947
vn 0.7108 0.6881 -0.1458
vn -0.0338 -0.5828 -0.8119
vn 0.0378 0.2692 -0.9623
vn 0.2456 0.0193 -0.9692
vn 0.0309 -0.4143 -0.9096
vn 0.2026 0.4351 0.8773
vn -0.5772 0.5495 0.6040
vn -0.5832 -0.2077 0.7853
vn 0.0348 0.7364 -0.6756
vn 0.5500 0.8248 -0.1308
vn 0.3550 0.7267 0.5881
vn -0.0194 0.5038 0.8636
vn 0.2091 0.3330 0.9194
vn -0.2186 0.8413 0.4943
vn 0.5975 -0.7796 0.1876
vn -0.2080 -0.8471 -0.4890
vn 0.1876 -0.7801 -0.5969
vn -0.1534 -0.9857 0.0699
vn 0.0093 -0.0850 0.9963
vn 0.4545 -0.2190 0.8634
vn 0.6974 0.3046 0.6487
vn -0.1410 -0.4775 0.8672
vn 0.9982 -0.0476 0.0352
vn 0.6685 -0.4106 -0.6201
vn -0.2447 0.7060 0.6645
vn -0.1550 0.5495 0.8210
vn -0.3538 0.2792 0.8926
vn -0.1302 0.4935 0.8599
vn 0.9948 0.0225 -0.0990
vn 0.6327 -0.2107 -0.7451
vn -0.4231 0.1093 0.8994
vn -0.2442 -0.1178 0.9625
vn 0.9946 0.1022 -0.0184
vn 0.5414 -0.1159 -0.8327
vn -0.0699 0.3800 0.9223
vn -0.3153 0.1279 0.9403
vn 0.5936 0.7515 -0.2878
vn 0.2430 0.1383 -0.9601
vn 0.2317 0.3665 0.9011
vn 0.7778 0.1971 0.5967
vn 0.6409 0.2574 0.7231
vn 0.6961 0.1939 0.6912
vn -0.0833 0.2992 -0.9505
vn 0.3281 -0.3177 -0.8896
vn 0.2961 0.2698 0.9163
vn -0.9215 -0.3656 0.1309
vn -0.4996 -0.2542 0.8281
vn -0.6806 -0.6901 0.2459
vn -0.6995 0.6933 -0.1729
vn -0.5072 0.6293 0.5888
vn -0.3758 0.2476 -0.8930
vn 0.0070 -0.3609 -0.9326
vn -0.2651 -0.7683 -0.5826
vn -0.2193 0.4645 0.8580
vn -0.2131 0.9008 -0.3784
vn 0.5724 0.5591 0.5997
vn 0.5903 -0.1950 0.7833
vn -0.2839 -0.4120 -0.8658
vn -0.0410 0.3899 0.9199
vn 0.0101 -0.9337 -0.3577
vn -0.5599 -0.8061 0.1913
vn -0.0011 -0.9755 0.2200
vn 0.5611 -0.8103 0.1687
vn 0.0052 0.6629 0.7486
vn -0.0065 -0.2394 0.9709
vn 0.0259 0.3990 0.9166
vn -0.0385 -0.5898 0.8066
vn 0.5632 -0.5875 0.5809
vn 0.3468 0.0022 0.9379
vn 0.8684 -0.2764 0.4117
vn 0.5152 -0.7904 0.3315
vn -0.3890 -0.2844 0.8762
vn -0.4792 -0.0026 0.8777
vn -0.6721 0.3879 0.6307
vn -0.7844 -0.0051 0.6202
vn -0.6641 -0.3995 0.6320
vn -0.1647 -0.7927 0.5869
vn -0.0458 0.5897 0.8063
vn -0.3926 0.2785 0.8765
vn -0.1784 0.7909 0.5853
vn 0.5042 0.7967 0.3331
vn 0.5556 0.5939 0.5819
vn 0.9149 0.4009 0.0475
vn 0.8639 0.2875 0.4135
vn 0.9991 0.0073 -0.0409
vn 0.9354 0.0072 0.3534
vn 0.9199 -0.3896 0.0439
vn 0.4793 -0.0030 0.8776
vn 0.6652 -0.3984 0.6315
vn 0.7842 -0.0057 0.6204
vn 0.3894 -0.2836 0.8763
vn -0.3468 0.0022 0.9379
vn -0.8636 0.2881 0.4137
vn -0.9353 0.0070 0.3537
vn -0.5555 0.5943 0.5815
vn 0.1638 -0.7932 0.5865
vn 0.0373 -0.5901 0.8064
vn -0.8683 -0.2765 0.4118
vn -0.5628 -0.5879 0.5810
vn 0.3925 0.2794 0.8763
vn 0.0467 0.5902 0.8059
vn 0.6707 0.3889 0.6315
vn 0.1776 0.7899 0.5869
vn -0.5042 0.7961 0.3345
vn -0.9145 0.4018 0.0480
vn -0.9991 0.0070 -0.0415
vn -0.9199 -0.3897 0.0437
vn -0.5148 -0.7903 0.3322
vn 0.7220 -0.2495 0.6452
vn 0.7185 -0.3099 0.6226
vn 0.7199 -0.3250 0.6133
vn 0.6997 -0.5232 0.4864
vn 0.6977 -0.5348 0.4766
vn 0.7215 -0.3066 0.6208
vn 0.7225 -0.2388 0.6488
vn 0.5301 -0.8435 0.0864
vn 0.5910 -0.7752 0.2229
vn 0.5251 -0.8450 0.1010
vn 0.6058 -0.7519 0.2601
vn -0.7240 0.5374 -0.4325
vn -0.5701 -0.1584 -0.8061
vn -0.9254 0.0558 -0.3750
vn 0.4050 0.4142 -0.8151
vn 0.9350 -0.0425 -0.3522
vn 0.5950 -0.2135 -0.7748
vn 0.4220 -0.3522 0.8354
vn 0.0008 0.4295 0.9030
vn 0.0009 -0.2873 0.9578
vn 0.5600 0.3746 0.7389
vn -0.5581 0.3750 0.7402
vn -0.4054 -0.3459 0.8461
vn -0.9076 -0.4196 -0.0141
vn -0.9585 0.1862 -0.2159
vn -0.8212 -0.5567 -0.1251
vn -0.4123 0.3919 -0.8224
vn 0.0194 0.9128 -0.4079
vn 0.0064 0.4386 -0.8986
vn -0.2794 0.8720 -0.4019
vn -0.7227 0.5934 -0.3541
vn -0.3101 0.8445 -0.4366
vn -0.3152 0.8756 -0.3659
vn -0.0059 0.9229 0.3849
vn 0.0000 0.9280 -0.3726
vn -0.4097 0.8617 0.2993
vn 0.4217 0.8545 0.3033
vn 0.3035 0.8733 -0.3811
vn 0.2545 0.8815 -0.3976
vn 0.6074 -0.4490 0.6553
vn 0.7948 -0.4598 0.3959
vn 0.7497 0.6395 -0.1701
vn 0.6980 0.6143 -0.3679
vn 0.7157 0.5438 -0.4382
vn -0.6096 -0.7409 -0.2817
vn -0.4886 -0.7355 -0.4693
vn 0.0164 -0.8258 -0.5636
vn -0.7602 0.6289 -0.1632
vn 0.9587 0.1679 -0.2294
vn 0.0063 -0.2280 -0.9736
vn 0.6475 -0.6948 -0.3131
vn 0.8012 -0.5806 -0.1443
vn 0.9031 -0.4289 0.0204
vn 0.4795 -0.7575 -0.4431
vn 0.9969 -0.0272 -0.0737
vn 0.7197 -0.2383 -0.6521
vn 0.9139 -0.3995 0.0717
vn -0.0006 -0.8426 -0.5384
vn -0.0007 -0.3430 -0.9393
vn 0.0244 0.9019 -0.4312
vn -0.8900 -0.4549 0.0316
vn -0.7205 -0.2377 -0.6514
vn -0.9970 -0.0276 -0.0725
vn 0.2819 0.8578 -0.4298
vn 0.9658 0.1765 0.1898
vn -0.8441 -0.3688 0.3893
vn -0.5624 -0.4628 0.6852
vn -0.9538 0.2436 0.1757
vn 0.7494 0.2285 0.6214
vn 0.0003 0.3434 0.9392
vn 0.0007 -0.2799 0.9600
vn -0.7487 0.2261 0.6231
vn 0.3087 0.1527 0.9388
vn 0.3098 0.1665 0.9361
vn 0.5707 0.0134 0.8210
vn 0.5529 0.0088 0.8332
vn 0.5841 -0.0493 0.8101
vn 0.4146 0.0692 0.9073
vn -0.0005 0.1492 0.9888
vn -0.0004 0.0497 0.9987
vn 0.3833 0.1962 0.9025
vn 0.5244 0.1704 0.8342
vn 0.3476 0.1288 0.9287
vn 0.4241 0.1048 0.8995
vn 0.5101 0.0497 0.8587
vn 0.4598 0.1913 0.8672
vn 0.5142 0.0635 0.8553
vn 0.4583 0.0658 0.8863
vn 0.7293 0.0120 0.6841
vn 0.7250 -0.0976 0.6817
vn 0.3236 0.2209 0.9200
vn 0.4317 0.1052 0.8958
vn 0.3771 0.0206 0.9259
vn 0.6720 0.1637 0.7222
vn 0.7453 0.1661 0.6456
vn 0.4152 0.1347 0.8997
vn 0.4194 0.0946 0.9029
vn -0.3091 0.1525 0.9387
vn -0.3104 0.1660 0.9360
vn -0.7453 0.1661 0.6456
vn -0.5141 0.0639 0.8553
vn -0.6715 0.1643 0.7226
vn -0.5708 0.0131 0.8210
vn -0.5100 0.0497 0.8587
vn -0.5538 0.0092 0.8326
vn -0.5842 -0.0496 0.8101
vn -0.3482 0.1286 0.9285
vn -0.3241 0.2203 0.9200
vn -0.7247 -0.0975 0.6821
vn -0.7292 0.0119 0.6842
vn -0.4574 0.0667 0.8867
vn -0.4233 0.1045 0.8999
vn -0.4149 0.1344 0.8999
vn -0.4150 0.0697 0.9071
vn -0.3776 0.0215 0.9257
vn -0.5240 0.1697 0.8346
vn -0.4316 0.1054 0.8958
vn -0.3835 0.1960 0.9025
vn -0.4192 0.0942 0.9030
vn -0.4596 0.1913 0.8672
usemtl DonaldBody
s 1
f 150/1/1 153/2/2 520/3/3
f 143/4/4 1/5/5 141/6/6
f 2/7/7 3/8/8 764/9/9
f 2/7/7 894/10/10 891/11/11
f 132/12/12 971/13/13 130/14/14
f 130/14/14 126/15/15 116/16/16
f 247/17/17 5/18/18 4/19/19
f 186/20/20 6/21/21 252/22/22
f 20/23/23 1030/24/24 1029/25/25
f 252/22/22 253/26/26 7/27/27
f 211/28/28 207/29/29 8/30/30
f 289/31/31 162/32/32 9/33/33
f 1016/34/34 20/23/23 10/35/35
f 11/36/36 75/37/37 79/38/38
f 12/39/39 322/40/40 259/41/41
f 284/42/42 13/43/43 76/44/44
f 14/45/45 16/46/46 15/47/47
f 17/48/48 352/49/49 266/50/50
f 210/51/51 18/52/52 306/53/53
f 304/54/54 342/55/55 336/56/56
f 19/57/57 80/58/58 289/59/31
f 211/28/28 20/60/23 207/29/29
f 168/61/59 403/62/60 180/63/61
f 248/64/62 22/65/63 21/66/64
f 24/67/65 232/68/66 23/69/67
f 24/70/65 23/69/67 26/71/68
f 312/72/69 26/73/68 25/74/70
f 298/75/71 242/76/72 234/77/73
f 27/78/74 28/79/75 31/80/76
f 27/78/74 29/81/77 28/79/75
f 294/82/78 237/83/79 30/84/80
f 31/80/76 272/85/81 292/86/82
f 32/87/83 29/81/77 27/78/74
f 209/88/84 33/89/85 22/65/63
f 292/86/82 272/85/81 291/90/86
f 76/91/44 34/92/87 19/57/57
f 91/93/88 35/94/89 90/95/90
f 240/96/91 476/97/92 36/98/93
f 37/99/94 71/100/95 485/101/96
f 38/102/97 266/50/50 13/103/43
f 82/104/98 83/105/99 39/106/100
f 40/107/101 140/108/102 41/109/103
f 42/110/104 278/111/105 211/28/28
f 265/112/106 268/113/107 263/114/108
f 265/112/106 43/115/109 268/113/107
f 207/29/29 1029/116/25 44/117/110
f 207/29/29 20/118/23 1029/116/25
f 45/119/111 46/120/112 60/121/113
f 45/119/111 48/122/114 46/120/112
f 47/123/115 251/124/116 269/125/117
f 47/123/115 48/122/114 251/124/116
f 49/126/118 329/127/119 330/128/120
f 49/126/118 336/129/56 329/127/119
f 94/130/121 49/126/118 330/128/120
f 94/130/121 50/131/122 49/126/118
f 17/48/48 52/132/123 51/133/124
f 17/48/48 266/50/50 52/132/123
f 55/134/125 268/113/107 54/135/126
f 55/134/125 263/114/108 268/113/107
f 53/136/127 54/135/126 352/49/49
f 53/136/127 55/134/125 54/135/126
f 296/137/128 140/108/102 56/138/129
f 296/137/128 57/139/130 140/108/102
f 58/140/131 302/141/132 136/142/133
f 58/140/131 191/143/134 302/141/132
f 15/47/47 59/144/135 108/145/136
f 15/47/47 16/46/46 59/144/135
f 60/146/113 88/147/137 87/148/138
f 60/146/113 61/149/139 88/147/137
f 86/150/140 51/133/124 52/132/123
f 86/150/140 16/46/46 51/133/124
f 14/45/45 51/133/124 16/46/46
f 14/45/45 62/151/141 51/133/124
f 62/151/141 17/48/48 51/133/124
f 62/151/141 352/49/49 17/48/48
f 73/152/142 59/144/135 68/153/143
f 73/152/142 107/154/144 59/144/135
f 63/155/145 65/156/146 64/157/147
f 63/155/145 279/158/148 65/156/146
f 66/159/149 64/157/147 74/160/150
f 66/159/149 67/161/151 64/157/147
f 63/155/145 67/161/151 68/162/143
f 63/155/145 64/157/147 67/161/151
f 67/161/151 74/160/150 68/162/143
f 67/161/151 66/159/149 74/160/150
f 300/163/152 73/152/142 69/164/153
f 300/163/152 107/154/144 73/152/142
f 70/165/154 37/99/94 257/166/155
f 70/165/154 71/100/95 37/99/94
f 286/167/156 72/168/157 65/156/146
f 286/167/156 73/169/142 72/168/157
f 72/168/157 64/157/147 65/156/146
f 72/168/157 74/160/150 64/157/147
f 286/167/156 69/170/153 73/169/142
f 286/167/156 287/171/158 69/170/153
f 74/160/150 73/169/142 68/162/143
f 74/160/150 72/168/157 73/169/142
f 75/37/37 76/172/44 19/173/57
f 75/37/37 283/174/159 76/172/44
f 149/175/160 77/176/161 34/177/87
f 149/175/160 267/178/162 77/176/161
f 78/179/163 285/180/164 139/181/165
f 78/179/163 79/38/38 285/180/164
f 163/182/166 19/57/57 320/183/167
f 163/182/166 80/184/58 19/57/57
f 39/106/100 81/185/168 82/104/98
f 39/106/100 301/186/169 81/185/168
f 82/104/98 84/187/170 83/105/99
f 82/104/98 166/188/171 84/187/170
f 163/182/166 43/115/109 85/189/172
f 163/182/166 320/183/167 43/115/109
f 38/102/97 52/132/123 266/50/50
f 38/102/97 86/150/140 52/132/123
f 60/146/113 35/190/89 249/191/173
f 60/146/113 87/148/138 35/190/89
f 260/192/174 87/148/138 88/147/137
f 260/192/174 261/193/175 87/148/138
f 89/194/176 269/125/117 92/195/177
f 89/194/176 204/196/178 269/125/117
f 270/197/179 89/198/176 90/95/90
f 270/197/179 204/199/178 89/198/176
f 92/200/177 35/190/89 91/201/88
f 92/200/177 249/191/173 35/190/89
f 89/198/176 91/201/88 90/95/90
f 89/198/176 92/200/177 91/201/88
f 249/202/173 93/203/180 250/204/181
f 249/202/173 92/195/177 93/203/180
f 198/205/182 94/130/121 99/206/183
f 198/205/182 50/131/122 94/130/121
f 264/207/184 95/208/185 265/112/106
f 264/207/184 96/209/186 95/208/185
f 96/209/186 309/210/187 95/208/185
f 96/209/186 97/211/188 309/210/187
f 81/185/168 101/212/189 82/104/98
f 81/185/168 102/213/190 101/212/189
f 98/214/191 198/205/182 99/206/183
f 98/214/191 100/215/192 198/205/182
f 254/216/193 82/104/98 101/212/189
f 254/216/193 166/217/171 82/104/98
f 104/218/194 265/112/106 95/208/185
f 104/218/194 43/115/109 265/112/106
f 183/219/195 303/220/196 302/221/132
f 183/219/195 102/213/190 303/220/196
f 253/222/26 101/212/189 102/213/190
f 253/222/26 254/216/193 101/212/189
f 485/101/96 162/223/32 103/224/197
f 485/101/96 71/100/95 162/223/32
f 104/218/194 85/189/172 43/115/109
f 104/218/194 105/225/198 85/189/172
f 105/225/198 103/224/197 85/189/172
f 105/225/198 485/101/96 103/224/197
f 106/226/199 59/144/135 107/154/144
f 106/226/199 108/145/136 59/144/135
f 16/46/46 68/153/143 59/144/135
f 16/46/46 86/150/140 68/153/143
f 81/185/168 303/220/196 102/213/190
f 81/185/168 301/186/169 303/220/196
f 4/227/19 109/228/200 110/229/201
f 4/227/19 5/230/18 109/228/200
f 128/231/202 115/232/203 127/233/204
f 128/231/202 110/234/201 115/232/203
f 111/235/205 109/236/200 5/237/18
f 111/235/205 114/238/206 109/236/200
f 123/239/207 114/240/206 111/241/205
f 123/239/207 113/242/208 114/240/206
f 123/243/207 118/244/209 113/245/208
f 123/243/207 112/246/210 118/244/209
f 113/247/208 121/248/211 114/249/206
f 113/247/208 118/250/209 121/248/211
f 109/251/200 121/248/211 110/252/201
f 109/251/200 114/249/206 121/248/211
f 115/253/203 121/248/211 127/254/204
f 115/253/203 110/252/201 121/248/211
f 122/255/212 126/256/15 127/257/204
f 122/255/212 116/258/16 126/256/15
f 122/259/212 117/260/213 116/261/16
f 122/259/212 120/262/214 117/260/213
f 120/263/214 133/264/215 117/265/213
f 120/263/214 119/266/216 133/264/215
f 118/244/209 133/267/215 119/268/216
f 118/244/209 112/246/210 133/267/215
f 121/248/211 119/269/216 120/270/214
f 121/248/211 118/250/209 119/269/216
f 121/248/211 122/271/212 127/254/204
f 121/248/211 120/270/214 122/271/212
f 111/272/205 134/273/217 123/274/207
f 111/272/205 5/275/18 134/273/217
f 247/17/17 129/276/218 124/277/219
f 247/17/17 4/19/19 129/276/218
f 896/278/220 2/279/7 891/280/11
f 896/278/220 125/281/221 2/279/7
f 126/15/15 128/231/202 127/233/204
f 126/15/15 129/276/218 128/231/202
f 129/276/218 130/14/14 124/277/219
f 129/276/218 126/15/15 130/14/14
f 130/14/14 131/282/222 132/12/12
f 130/14/14 116/16/16 131/282/222
f 131/282/222 897/283/223 132/12/12
f 131/282/222 116/284/16 897/283/223
f 897/283/223 117/285/213 133/286/215
f 897/283/223 116/284/16 117/285/213
f 134/273/217 246/287/224 135/288/225
f 134/273/217 5/275/18 246/287/224
f 136/142/133 137/289/226 58/140/131
f 136/142/133 308/290/227 137/289/226
f 11/36/36 288/291/228 138/292/229
f 11/36/36 139/181/165 288/291/228
f 11/36/36 78/179/163 139/181/165
f 11/36/36 79/38/38 78/179/163
f 84/293/170 56/138/129 140/108/102
f 84/293/170 166/294/171 56/138/129
f 112/295/210 125/281/221 133/286/215
f 112/295/210 123/274/207 125/281/221
f 766/296/230 123/274/207 134/273/217
f 766/296/230 125/281/221 123/274/207
f 128/231/202 4/19/19 110/234/201
f 128/231/202 129/276/218 4/19/19
f 255/297/231 141/6/6 159/298/232
f 255/297/231 142/299/233 141/6/6
f 1/5/5 159/298/232 141/6/6
f 1/5/5 158/300/234 159/298/232
f 141/6/6 155/301/235 143/4/4
f 141/6/6 142/299/233 155/301/235
f 171/302/236 317/303/237 146/304/238
f 171/302/236 164/305/239 317/303/237
f 144/306/240 146/304/238 145/307/241
f 144/306/240 171/302/236 146/304/238
f 157/308/242 147/309/243 256/310/244
f 157/308/242 148/311/245 147/309/243
f 148/311/245 315/312/246 147/309/243
f 148/311/245 160/313/247 315/312/246
f 13/103/43 34/177/87 76/314/44
f 13/103/43 149/175/160 34/177/87
f 520/3/3 156/315/248 150/1/1
f 520/3/3 164/305/239 156/315/248
f 142/299/233 151/316/249 154/317/250
f 142/299/233 255/297/231 151/316/249
f 152/318/251 154/317/250 151/316/249
f 152/318/251 153/2/2 154/317/250
f 150/1/1 154/317/250 153/2/2
f 150/1/1 142/299/233 154/317/250
f 142/299/233 156/315/248 155/301/235
f 142/299/233 150/1/1 156/315/248
f 157/308/242 159/298/232 148/311/245
f 157/308/242 255/297/231 159/298/232
f 158/300/234 148/311/245 159/298/232
f 158/300/234 160/313/247 148/311/245
f 1/319/5 161/320/252 158/321/234
f 1/319/5 143/322/4 161/320/252
f 313/323/252 158/321/234 161/320/252
f 313/323/252 160/324/247 158/321/234
f 529/325/253 145/326/241 513/327/254
f 529/325/253 314/328/255 145/326/241
f 289/329/31 103/224/197 162/223/32
f 289/329/31 80/184/58 103/224/197
f 80/184/58 85/189/172 103/224/197
f 80/184/58 163/182/166 85/189/172
f 164/305/239 531/330/256 317/303/237
f 164/305/239 520/3/3 531/330/256
f 36/98/93 166/217/171 165/331/257
f 36/98/93 476/97/92 166/217/171
f 167/332/258 169/333/259 168/61/59
f 167/332/258 170/334/260 169/333/259
f 389/335/261 549/336/262 545/337/263
f 389/335/261 169/338/259 549/336/262
f 156/315/248 171/302/236 155/301/235
f 156/315/248 164/305/239 171/302/236
f 144/306/240 155/301/235 171/302/236
f 144/306/240 143/4/4 155/301/235
f 843/339/264 172/340/265 771/341/266
f 843/339/264 244/342/267 172/340/265
f 892/343/268 966/344/269 900/345/270
f 892/343/268 173/346/271 966/344/269
f 174/347/272 499/348/273 175/349/274
f 174/347/272 972/350/275 499/348/273
f 973/351/276 499/348/273 972/350/275
f 973/351/276 176/352/277 499/348/273
f 177/353/278 502/354/279 967/355/280
f 177/353/278 178/356/281 502/354/279
f 175/357/274 179/358/282 843/359/264
f 175/357/274 894/10/10 179/358/282
f 179/358/282 771/360/266 843/359/264
f 179/358/282 764/9/9 771/360/266
f 2/7/7 179/358/282 894/10/10
f 2/7/7 764/9/9 179/358/282
f 410/361/283 545/337/263 181/362/284
f 410/361/283 389/335/261 545/337/263
f 181/362/284 371/363/285 410/361/283
f 181/362/284 403/62/60 371/363/285
f 180/63/61 181/362/284 525/364/286
f 180/63/61 403/62/60 181/362/284
f 172/340/265 182/365/287 771/341/266
f 172/340/265 974/366/288 182/365/287
f 183/219/195 191/367/134 184/368/289
f 183/219/195 302/221/132 191/367/134
f 614/369/290 184/368/289 191/367/134
f 614/369/290 1040/370/291 184/368/289
f 185/371/292 6/21/21 186/20/20
f 185/371/292 187/372/293 6/21/21
f 278/373/105 187/372/293 10/35/35
f 278/373/105 6/21/21 187/372/293
f 7/374/27 184/368/289 1040/370/291
f 7/374/27 253/222/26 184/368/289
f 88/147/137 619/375/294 260/192/174
f 88/147/137 61/149/139 619/375/294
f 46/120/112 1029/116/25 190/376/295
f 46/120/112 48/122/114 1029/116/25
f 1007/377/296 619/378/294 188/379/297
f 1007/377/296 189/380/298 619/378/294
f 61/381/139 46/120/112 190/376/295
f 61/381/139 60/121/113 46/120/112
f 190/376/295 619/378/294 61/381/139
f 190/376/295 188/379/297 619/378/294
f 614/382/290 58/140/131 137/289/226
f 614/382/290 191/143/134 58/140/131
f 253/222/26 183/219/195 184/368/289
f 253/222/26 102/213/190 183/219/195
f 192/383/299 274/384/300 276/385/301
f 192/383/299 202/386/302 274/384/300
f 193/387/303 228/388/304 281/389/305
f 193/387/303 233/390/306 228/388/304
f 227/391/307 916/392/308 914/393/309
f 227/391/307 226/394/310 916/392/308
f 194/395/311 195/396/312 221/397/313
f 194/395/311 222/398/314 195/396/312
f 36/98/93 197/399/315 196/400/316
f 36/98/93 165/331/257 197/399/315
f 50/131/122 203/401/317 49/126/118
f 50/131/122 198/205/182 203/401/317
f 166/217/171 199/402/318 165/331/257
f 166/217/171 321/403/319 199/402/318
f 18/404/52 307/405/320 200/406/321
f 18/404/52 235/407/322 307/405/320
f 201/408/323 202/386/302 238/409/324
f 201/408/323 274/384/300 202/386/302
f 212/410/325 49/126/118 203/401/317
f 212/410/325 33/411/85 49/126/118
f 204/412/178 305/413/326 210/414/51
f 204/412/178 341/415/327 305/413/326
f 198/205/182 271/416/328 203/401/317
f 198/205/182 196/400/316 271/416/328
f 196/400/316 100/215/192 205/417/329
f 196/400/316 198/205/182 100/215/192
f 206/418/330 44/117/110 204/412/178
f 206/418/330 207/29/29 44/117/110
f 200/406/321 306/419/53 18/404/52
f 200/406/321 8/30/30 306/419/53
f 208/420/331 212/421/325 203/422/317
f 208/420/331 21/66/64 212/421/325
f 209/423/84 305/413/326 33/411/85
f 209/423/84 210/414/51 305/413/326
f 211/28/28 10/424/35 20/60/23
f 211/28/28 278/111/105 10/424/35
f 21/66/64 33/89/85 212/421/325
f 21/66/64 22/65/63 33/89/85
f 242/76/72 231/425/332 213/426/333
f 242/76/72 298/75/71 231/425/332
f 235/427/322 242/76/72 213/426/333
f 235/427/322 18/52/52 242/76/72
f 214/428/334 216/429/335 223/430/336
f 214/428/334 215/431/337 216/429/335
f 215/431/337 217/432/338 216/429/335
f 215/431/337 218/433/339 217/432/338
f 218/433/339 219/434/340 217/432/338
f 218/433/339 220/435/341 219/434/340
f 220/435/341 221/397/313 219/434/340
f 220/435/341 194/395/311 221/397/313
f 222/398/314 223/430/336 195/396/312
f 222/398/314 214/428/334 223/430/336
f 237/436/79 238/437/324 239/438/342
f 237/436/79 224/439/343 238/437/324
f 917/440/344 227/391/307 225/441/345
f 917/440/344 226/394/310 227/391/307
f 290/442/346 291/443/86 323/444/347
f 290/442/346 293/445/348 291/443/86
f 227/391/307 311/446/349 225/441/345
f 227/391/307 914/393/309 311/446/349
f 233/390/306 229/447/350 228/388/304
f 233/390/306 30/84/80 229/447/350
f 295/448/351 273/449/352 230/450/353
f 295/448/351 275/451/354 273/449/352
f 297/452/355 213/426/333 231/425/332
f 297/452/355 232/68/66 213/426/333
f 236/453/356 193/387/303 280/454/357
f 236/453/356 233/390/306 193/387/303
f 22/65/63 234/77/73 209/88/84
f 22/65/63 298/75/71 234/77/73
f 273/449/352 224/455/343 230/450/353
f 273/449/352 238/409/324 224/455/343
f 24/67/65 213/426/333 232/68/66
f 24/67/65 235/427/322 213/426/333
f 25/456/70 202/386/302 312/72/69
f 25/456/70 238/409/324 202/386/302
f 208/420/331 32/87/83 21/66/64
f 208/420/331 29/81/77 32/87/83
f 280/454/357 292/86/82 236/453/356
f 280/454/357 31/80/76 292/86/82
f 273/449/352 201/408/323 238/409/324
f 273/449/352 274/384/300 201/408/323
f 30/84/80 239/457/342 229/447/350
f 30/84/80 237/83/79 239/457/342
f 316/458/358 235/407/322 24/459/65
f 316/458/358 307/405/320 235/407/322
f 238/437/324 26/73/68 239/438/342
f 238/437/324 25/74/70 26/73/68
f 196/400/316 205/417/329 36/98/93
f 36/98/93 205/417/329 240/96/91
f 205/417/329 100/460/192 240/96/91
f 322/40/40 12/39/39 323/444/347
f 323/444/347 12/39/39 277/461/359
f 12/39/39 278/111/105 277/461/359
f 241/462/360 83/463/99 41/464/103
f 41/464/103 83/463/99 40/465/101
f 83/463/99 84/293/170 40/465/101
f 40/465/101 84/293/170 140/108/102
f 209/88/84 234/77/73 210/51/51
f 210/51/51 234/77/73 18/52/52
f 234/77/73 242/76/72 18/52/52
f 243/466/361 975/467/362 244/342/267
f 244/342/267 975/467/362 172/340/265
f 975/467/362 245/468/363 172/340/265
f 172/340/265 245/468/363 974/366/288
f 5/18/18 247/17/17 246/287/224
f 246/287/224 247/17/17 135/288/225
f 247/17/17 961/469/364 135/288/225
f 26/71/68 23/69/67 239/457/342
f 239/457/342 23/69/67 229/447/350
f 23/69/67 232/68/66 229/447/350
f 229/447/350 232/68/66 228/388/304
f 232/68/66 297/452/355 228/388/304
f 228/388/304 297/452/355 281/389/305
f 297/452/355 248/64/62 281/389/305
f 281/389/305 248/64/62 32/87/83
f 248/64/62 21/66/64 32/87/83
f 249/202/173 250/204/181 60/121/113
f 60/121/113 250/204/181 45/119/111
f 250/204/181 251/124/116 45/119/111
f 45/119/111 251/124/116 48/122/114
f 252/470/22 259/41/41 253/222/26
f 253/222/26 259/41/41 254/216/193
f 259/41/41 321/403/319 254/216/193
f 254/216/193 321/403/319 166/217/171
f 143/322/4 144/471/240 161/320/252
f 161/320/252 144/471/240 313/323/252
f 144/471/240 145/326/241 313/323/252
f 313/323/252 145/326/241 314/328/255
f 255/297/231 157/308/242 151/316/249
f 151/316/249 157/308/242 152/318/251
f 157/308/242 256/310/244 152/318/251
f 152/318/251 256/310/244 318/472/365
f 485/101/96 484/473/366 37/99/94
f 37/99/94 484/473/366 257/166/155
f 484/473/366 258/474/367 257/166/155
f 257/166/155 258/474/367 299/475/368
f 258/474/367 483/476/369 299/475/368
f 278/111/105 12/39/39 6/477/21
f 6/477/21 12/39/39 252/478/22
f 12/39/39 259/41/41 252/478/22
f 250/204/181 93/203/180 251/124/116
f 251/124/116 93/203/180 269/125/117
f 93/203/180 92/195/177 269/125/117
f 260/192/174 97/211/188 261/193/175
f 261/193/175 97/211/188 262/479/370
f 97/211/188 96/209/186 262/479/370
f 262/479/370 96/209/186 263/114/108
f 96/209/186 264/207/184 263/114/108
f 263/114/108 264/207/184 265/112/106
f 266/50/50 352/49/49 13/103/43
f 13/103/43 352/49/49 149/480/160
f 352/49/49 54/135/126 149/480/160
f 149/480/160 54/135/126 267/178/162
f 54/135/126 268/113/107 267/178/162
f 267/178/162 268/113/107 43/115/109
f 204/412/178 44/117/110 269/125/117
f 269/125/117 44/117/110 47/123/115
f 44/117/110 1029/116/25 47/123/115
f 47/123/115 1029/116/25 48/122/114
f 263/114/108 55/134/125 262/479/370
f 262/479/370 55/134/125 90/95/90
f 55/134/125 53/136/127 90/95/90
f 90/95/90 53/136/127 270/197/179
f 261/193/175 262/479/370 87/148/138
f 87/148/138 262/479/370 35/190/89
f 262/479/370 90/95/90 35/190/89
f 28/79/75 29/81/77 196/481/316
f 196/481/316 29/81/77 271/482/328
f 29/81/77 208/420/331 271/482/328
f 271/482/328 208/420/331 203/422/317
f 31/80/76 28/79/75 272/85/81
f 272/85/81 28/79/75 197/483/315
f 28/79/75 196/481/316 197/483/315
f 273/449/352 275/451/354 274/384/300
f 274/384/300 275/451/354 276/385/301
f 275/451/354 277/461/359 276/385/301
f 276/385/301 277/461/359 278/111/105
f 65/156/146 279/158/148 11/36/36
f 11/36/36 279/158/148 75/37/37
f 279/158/148 63/155/145 75/37/37
f 75/37/37 63/155/145 283/174/159
f 280/454/357 193/387/303 31/80/76
f 31/80/76 193/387/303 27/78/74
f 193/387/303 281/389/305 27/78/74
f 27/78/74 281/389/305 32/87/83
f 68/162/143 282/484/371 63/155/145
f 63/155/145 282/484/371 283/174/159
f 282/484/371 284/485/42 283/174/159
f 283/174/159 284/485/42 76/172/44
f 75/37/37 19/173/57 79/38/38
f 79/38/38 19/173/57 285/180/164
f 19/173/57 288/291/228 285/180/164
f 285/180/164 288/291/228 139/181/165
f 11/36/36 138/292/229 65/156/146
f 65/156/146 138/292/229 286/167/156
f 138/292/229 288/291/228 286/167/156
f 286/167/156 288/291/228 287/171/158
f 287/171/158 288/291/228 9/486/33
f 9/486/33 288/291/228 289/487/31
f 288/291/228 19/173/57 289/487/31
f 290/442/346 295/448/351 293/445/348
f 293/445/348 295/448/351 294/488/78
f 295/448/351 230/450/353 294/488/78
f 294/488/78 230/450/353 237/436/79
f 230/450/353 224/439/343 237/436/79
f 291/90/86 293/489/348 292/86/82
f 292/86/82 293/489/348 236/453/356
f 293/489/348 294/490/78 236/453/356
f 236/453/356 294/490/78 233/390/306
f 294/490/78 30/84/80 233/390/306
f 295/448/351 290/442/346 275/451/354
f 275/451/354 290/442/346 277/461/359
f 290/442/346 323/444/347 277/461/359
f 95/208/185 57/139/130 104/218/194
f 104/218/194 57/139/130 105/225/198
f 57/139/130 296/137/128 105/225/198
f 105/225/198 296/137/128 485/101/96
f 231/425/332 298/75/71 297/452/355
f 297/452/355 298/75/71 248/64/62
f 298/75/71 22/65/63 248/64/62
f 95/208/185 309/210/187 57/139/130
f 57/139/130 309/210/187 140/108/102
f 309/210/187 41/464/103 140/108/102
f 287/491/158 299/475/368 69/164/153
f 69/164/153 299/475/368 300/163/152
f 299/475/368 483/476/369 300/163/152
f 300/163/152 483/476/369 482/492/372
f 197/483/315 165/493/257 272/85/81
f 272/85/81 165/493/257 291/90/86
f 165/493/257 199/494/318 291/90/86
f 482/492/372 470/495/373 300/163/152
f 300/163/152 470/495/373 107/154/144
f 470/495/373 487/496/374 107/154/144
f 107/154/144 487/496/374 106/226/199
f 83/105/99 241/497/360 39/106/100
f 39/106/100 241/497/360 301/186/169
f 241/497/360 302/221/132 301/186/169
f 301/186/169 302/221/132 303/220/196
f 49/126/118 33/411/85 336/129/56
f 336/129/56 33/411/85 304/54/54
f 33/411/85 305/413/326 304/54/54
f 304/54/54 305/413/326 342/55/55
f 305/413/326 341/415/327 342/55/55
f 207/29/29 206/418/330 8/30/30
f 8/30/30 206/418/330 306/419/53
f 206/418/330 204/412/178 306/419/53
f 306/419/53 204/412/178 210/414/51
f 8/30/30 200/406/321 211/28/28
f 211/28/28 200/406/321 42/110/104
f 200/406/321 307/405/320 42/110/104
f 137/289/226 308/290/227 97/211/188
f 97/211/188 308/290/227 309/210/187
f 308/290/227 136/142/133 309/210/187
f 309/210/187 136/142/133 41/464/103
f 136/142/133 302/141/132 41/464/103
f 41/464/103 302/141/132 241/462/360
f 917/498/344 225/499/345 310/500/375
f 310/500/375 225/499/345 908/501/376
f 225/499/345 311/502/349 908/501/376
f 299/475/368 287/491/158 257/166/155
f 257/166/155 287/491/158 70/165/154
f 287/491/158 9/503/33 70/165/154
f 70/165/154 9/503/33 71/100/95
f 9/503/33 162/223/32 71/100/95
f 192/383/299 316/458/358 202/386/302
f 202/386/302 316/458/358 312/72/69
f 316/458/358 24/459/65 312/72/69
f 312/72/69 24/459/65 26/73/68
f 313/323/252 314/328/255 160/324/247
f 160/324/247 314/328/255 315/504/246
f 314/328/255 319/505/377 315/504/246
f 316/458/358 192/383/299 307/405/320
f 307/405/320 192/383/299 42/110/104
f 192/383/299 276/385/301 42/110/104
f 42/110/104 276/385/301 278/111/105
f 145/307/241 146/304/238 513/506/254
f 513/506/254 146/304/238 518/507/378
f 146/304/238 317/303/237 518/507/378
f 518/507/378 317/303/237 514/508/379
f 317/303/237 531/330/256 514/508/379
f 514/508/379 531/330/256 511/509/380
f 531/330/256 550/510/381 511/509/380
f 511/509/380 550/510/381 538/511/382
f 550/510/381 318/472/365 538/511/382
f 538/511/382 318/472/365 533/512/383
f 318/472/365 256/310/244 533/512/383
f 533/512/383 256/310/244 526/513/384
f 256/310/244 147/309/243 526/513/384
f 526/513/384 147/309/243 522/514/385
f 147/309/243 315/312/246 522/514/385
f 522/514/385 315/312/246 319/515/377
f 43/115/109 320/183/167 267/178/162
f 267/178/162 320/183/167 77/176/161
f 320/183/167 19/57/57 77/176/161
f 77/176/161 19/57/57 34/177/87
f 259/41/41 322/40/40 321/403/319
f 321/403/319 322/40/40 199/402/318
f 322/40/40 323/444/347 199/402/318
f 199/402/318 323/444/347 291/443/86
f 354/516/386 388/517/387 361/518/388
f 390/519/389 355/520/390 357/521/391
f 390/519/389 354/516/386 355/520/390
f 359/522/392 361/518/388 356/523/393
f 359/522/392 364/524/394 361/518/388
f 355/520/390 361/518/388 357/521/391
f 355/520/390 354/516/386 361/518/388
f 388/517/387 367/525/395 361/518/388
f 388/517/387 366/526/396 367/525/395
f 358/527/397 360/528/398 359/522/392
f 358/527/397 374/529/399 360/528/398
f 367/525/395 356/523/393 361/518/388
f 367/525/395 369/530/400 356/523/393
f 369/530/400 359/522/392 356/523/393
f 369/530/400 358/527/397 359/522/392
f 357/521/391 364/524/394 374/529/399
f 357/521/391 361/518/388 364/524/394
f 363/531/401 365/532/402 362/533/403
f 363/531/401 384/534/404 365/532/402
f 369/530/400 363/531/401 362/533/403
f 369/530/400 384/534/404 363/531/401
f 360/528/398 364/524/394 359/522/392
f 360/528/398 374/529/399 364/524/394
f 369/530/400 362/533/403 358/527/397
f 358/527/397 362/533/403 374/529/399
f 362/533/403 365/532/402 374/529/399
f 366/526/396 368/535/405 367/525/395
f 367/525/395 368/535/405 369/530/400
f 368/535/405 384/534/404 369/530/400
f 370/536/406 410/537/283 371/538/285
f 401/539/407 438/540/408 402/541/409
f 392/542/410 373/543/411 372/544/412
f 357/521/391 374/529/399 390/519/389
f 372/544/412 375/545/413 392/542/410
f 376/546/414 431/547/415 408/548/416
f 372/544/412 377/549/417 375/545/413
f 378/550/418 168/551/59 169/552/259
f 379/553/419 380/554/420 397/555/421
f 407/556/422 397/555/421 394/557/423
f 381/558/424 376/546/414 373/543/411
f 413/559/425 426/560/426 370/536/406
f 376/546/414 381/558/424 431/547/415
f 421/561/427 385/562/428 386/563/429
f 421/561/427 382/564/430 385/562/428
f 368/535/405 460/565/431 448/566/432
f 368/535/405 366/526/396 460/565/431
f 410/537/283 421/561/427 386/563/429
f 410/537/283 370/536/406 421/561/427
f 409/567/433 437/568/434 383/569/435
f 409/567/433 445/570/436 437/568/434
f 448/566/432 384/534/404 368/535/405
f 448/566/432 365/532/402 384/534/404
f 433/571/437 388/517/387 441/572/438
f 433/571/437 366/526/396 388/517/387
f 438/540/408 404/573/439 402/541/409
f 438/540/408 423/574/440 404/573/439
f 385/562/428 409/567/433 386/563/429
f 385/562/428 387/575/441 409/567/433
f 354/516/386 441/572/438 388/517/387
f 354/516/386 390/519/389 441/572/438
f 412/576/442 425/577/443 413/559/425
f 412/576/442 404/573/439 425/577/443
f 383/569/435 169/552/259 389/578/261
f 383/569/435 437/568/434 169/552/259
f 390/519/389 439/579/444 441/572/438
f 390/519/389 374/529/399 439/579/444
f 426/560/426 421/561/427 370/536/406
f 426/560/426 398/580/445 421/561/427
f 449/581/446 392/542/410 391/582/447
f 449/581/446 373/543/411 392/542/410
f 375/545/413 399/583/448 398/580/445
f 375/545/413 377/549/417 399/583/448
f 393/584/449 405/585/450 394/557/423
f 393/584/449 408/548/416 405/585/450
f 396/586/451 407/556/422 417/587/452
f 396/586/451 397/555/421 407/556/422
f 399/583/448 395/588/453 380/554/420
f 399/583/448 377/549/417 395/588/453
f 379/553/419 396/586/451 417/587/452
f 379/553/419 397/555/421 396/586/451
f 398/580/445 399/583/448 447/589/454
f 447/589/454 399/583/448 415/590/455
f 399/583/448 380/554/420 415/590/455
f 415/590/455 380/554/420 379/553/419
f 373/543/411 449/581/446 381/558/424
f 381/558/424 449/581/446 430/591/456
f 449/581/446 400/592/457 430/591/456
f 430/591/456 400/592/457 418/593/458
f 401/539/407 402/541/409 168/551/59
f 168/551/59 402/541/409 403/594/60
f 402/541/409 404/573/439 403/594/60
f 434/595/459 401/539/407 435/596/460
f 435/596/460 401/539/407 378/550/418
f 401/539/407 168/551/59 378/550/418
f 405/585/450 406/597/461 394/557/423
f 394/557/423 406/597/461 407/556/422
f 406/597/461 442/598/462 407/556/422
f 408/548/416 431/547/415 405/585/450
f 405/585/450 431/547/415 419/599/463
f 431/547/415 424/600/464 419/599/463
f 383/569/435 389/578/261 409/567/433
f 409/567/433 389/578/261 386/563/429
f 389/578/261 410/537/283 386/563/429
f 411/601/465 435/596/460 437/568/434
f 437/568/434 435/596/460 169/552/259
f 435/596/460 378/550/418 169/552/259
f 404/573/439 412/576/442 403/594/60
f 403/594/60 412/576/442 371/538/285
f 412/576/442 413/559/425 371/538/285
f 371/538/285 413/559/425 370/536/406
f 417/587/452 374/529/399 414/602/466
f 414/602/466 374/529/399 452/603/467
f 374/529/399 365/532/402 452/603/467
f 452/603/467 365/532/402 448/566/432
f 414/602/466 415/590/455 379/553/419
f 455/604/468 1031/605/469 429/606/470
f 428/607/471 416/608/472 458/609/473
f 407/556/422 442/598/462 417/587/452
f 375/545/413 398/580/445 423/574/440
f 455/604/468 429/606/470 418/593/458
f 419/599/463 420/610/474 451/611/475
f 398/580/445 382/564/430 421/561/427
f 379/553/419 417/587/452 414/602/466
f 451/611/475 433/571/437 441/572/438
f 398/580/445 447/589/454 382/564/430
f 422/612/476 416/608/472 463/613/477
f 422/612/476 458/609/473 416/608/472
f 423/574/440 425/577/443 404/573/439
f 423/574/440 398/580/445 425/577/443
f 430/591/456 459/614/478 424/600/464
f 430/591/456 418/593/458 459/614/478
f 398/580/445 413/559/425 425/577/443
f 398/580/445 426/560/426 413/559/425
f 457/615/479 422/612/476 427/616/480
f 457/615/479 458/609/473 422/612/476
f 428/607/471 429/606/470 416/608/472
f 428/607/471 418/593/458 429/606/470
f 392/542/410 423/574/440 391/582/447
f 392/542/410 375/545/413 423/574/440
f 424/600/464 381/558/424 430/591/456
f 424/600/464 431/547/415 381/558/424
f 366/526/396 446/617/481 432/618/482
f 366/526/396 433/571/437 446/617/481
f 387/575/441 445/570/436 409/567/433
f 387/575/441 432/618/482 445/570/436
f 400/592/457 434/595/459 418/593/458
f 400/592/457 401/539/407 434/595/459
f 445/570/436 446/617/481 444/619/483
f 445/570/436 432/618/482 446/617/481
f 434/595/459 411/601/465 454/620/484
f 434/595/459 435/596/460 411/601/465
f 411/601/465 445/570/436 436/621/485
f 411/601/465 437/568/434 445/570/436
f 438/540/408 391/582/447 423/574/440
f 438/540/408 401/539/407 391/582/447
f 405/585/450 443/622/486 406/597/461
f 405/585/450 419/599/463 443/622/486
f 374/529/399 442/598/462 439/579/444
f 374/529/399 417/587/452 442/598/462
f 440/623/487 439/579/444 442/598/462
f 440/623/487 441/572/438 439/579/444
f 406/597/461 440/623/487 442/598/462
f 406/597/461 443/622/486 440/623/487
f 454/620/484 436/621/485 1031/605/469
f 454/620/484 411/601/465 436/621/485
f 436/621/485 444/619/483 461/624/488
f 436/621/485 445/570/436 444/619/483
f 451/611/475 446/617/481 433/571/437
f 451/611/475 450/625/489 446/617/481
f 444/619/483 450/625/489 465/626/490
f 444/619/483 446/617/481 450/625/489
f 447/589/454 448/566/432 382/564/430
f 447/589/454 453/627/491 448/566/432
f 400/592/457 391/582/447 401/539/407
f 400/592/457 449/581/446 391/582/447
f 450/625/489 420/610/474 465/626/490
f 450/625/489 451/611/475 420/610/474
f 452/603/467 453/627/491 414/602/466
f 452/603/467 448/566/432 453/627/491
f 453/627/491 415/590/455 414/602/466
f 453/627/491 447/589/454 415/590/455
f 387/575/441 366/526/396 432/618/482
f 387/575/441 460/565/431 366/526/396
f 434/595/459 454/620/484 418/593/458
f 418/593/458 454/620/484 455/604/468
f 454/620/484 1031/605/469 455/604/468
f 440/623/487 443/622/486 441/572/438
f 441/572/438 443/622/486 451/611/475
f 443/622/486 419/599/463 451/611/475
f 419/599/463 456/628/492 420/610/474
f 420/610/474 456/628/492 464/629/493
f 456/628/492 427/616/480 464/629/493
f 456/628/492 419/599/463 427/616/480
f 427/616/480 419/599/463 457/615/479
f 419/599/463 424/600/464 457/615/479
f 457/615/479 424/600/464 458/609/473
f 424/600/464 459/614/478 458/609/473
f 458/609/473 459/614/478 428/607/471
f 459/614/478 418/593/458 428/607/471
f 385/562/428 382/564/430 387/575/441
f 387/575/441 382/564/430 460/565/431
f 382/564/430 448/566/432 460/565/431
f 436/621/485 461/624/488 1031/605/469
f 1031/605/469 461/624/488 462/630/494
f 461/624/488 444/619/483 462/630/494
f 462/630/494 444/619/483 465/626/490
f 422/612/476 463/613/477 427/616/480
f 427/616/480 463/613/477 464/629/493
f 463/613/477 1011/631/495 464/629/493
f 464/629/493 1011/631/495 420/610/474
f 420/610/474 1011/631/495 465/626/490
f 1011/631/495 462/630/494 465/626/490
f 727/632/496 920/633/497 956/634/498
f 956/634/498 920/633/497 957/635/499
f 920/633/497 992/636/500 957/635/499
f 957/635/499 992/636/500 958/637/501
f 992/636/500 497/638/502 958/637/501
f 838/639/503 681/640/504 676/641/505
f 838/639/503 498/642/506 681/640/504
f 838/639/503 243/466/361 498/642/506
f 498/642/506 243/466/361 176/352/277
f 243/466/361 244/342/267 176/352/277
f 176/352/277 244/342/267 499/348/273
f 244/342/267 843/339/264 499/348/273
f 499/348/273 843/339/264 175/349/274
f 970/643/507 501/644/508 500/645/509
f 501/646/508 918/647/510 500/648/509
f 918/647/510 132/12/12 897/283/223
f 918/647/510 501/646/508 132/12/12
f 498/642/506 176/352/277 502/649/279
f 502/649/279 176/352/277 967/650/280
f 176/352/277 973/351/276 967/650/280
f 967/650/280 973/351/276 503/651/511
f 504/652/512 778/653/513 508/654/514
f 504/652/512 506/655/515 778/653/513
f 508/654/514 902/656/516 504/652/512
f 508/654/514 510/657/517 902/656/516
f 506/655/515 505/658/518 578/659/519
f 506/655/515 509/660/520 505/658/518
f 504/652/512 509/660/520 506/655/515
f 504/652/512 507/661/521 509/660/520
f 510/657/517 508/654/514 505/658/518
f 505/658/518 508/654/514 787/662/522
f 508/654/514 778/653/513 787/662/522
f 903/663/523 898/664/524 507/661/521
f 507/661/521 898/664/524 509/660/520
f 898/664/524 510/657/517 509/660/520
f 509/660/520 510/657/517 505/658/518
f 538/511/382 537/665/525 511/509/380
f 513/327/254 747/666/526 529/325/253
f 511/509/380 512/667/527 514/508/379
f 518/507/378 516/668/528 513/506/254
f 319/515/377 523/669/529 522/514/385
f 514/508/379 515/670/530 518/507/378
f 513/327/254 516/671/528 747/666/526
f 522/514/385 517/672/531 526/513/384
f 319/515/377 735/673/532 523/669/529
f 533/512/383 532/674/533 538/511/382
f 518/507/378 515/670/530 516/668/528
f 526/513/384 740/675/534 533/512/383
f 519/676/535 520/677/3 153/678/2
f 521/679/536 531/680/256 520/681/3
f 514/508/379 512/667/527 515/670/530
f 522/514/385 523/669/529 517/672/531
f 539/682/537 170/334/260 167/332/258
f 524/683/538 534/684/539 544/685/540
f 530/686/541 550/687/381 531/680/256
f 541/688/542 152/689/251 318/690/365
f 540/691/543 180/63/61 525/364/286
f 526/513/384 517/672/531 740/675/534
f 527/692/544 318/690/365 550/687/381
f 528/693/545 153/678/2 152/689/251
f 528/693/545 541/688/542 535/694/546
f 528/693/545 152/689/251 541/688/542
f 529/325/253 319/505/377 314/328/255
f 529/325/253 735/695/532 319/505/377
f 530/686/541 521/679/536 542/696/547
f 530/686/541 531/680/256 521/679/536
f 747/666/526 735/695/532 529/325/253
f 747/666/526 759/697/548 735/695/532
f 532/674/533 740/675/534 763/698/549
f 532/674/533 533/512/383 740/675/534
f 180/63/61 167/332/258 168/61/59
f 180/63/61 864/699/550 167/332/258
f 534/684/539 535/694/546 541/688/542
f 534/684/539 536/700/551 535/694/546
f 537/665/525 532/674/533 753/701/552
f 537/665/525 538/511/382 532/674/533
f 540/691/543 544/685/540 542/696/547
f 540/691/543 525/364/286 544/685/540
f 539/682/537 864/699/550 546/702/553
f 539/682/537 167/332/258 864/699/550
f 180/63/61 540/691/543 864/699/550
f 864/699/550 540/691/543 543/703/554
f 540/691/543 542/696/547 543/703/554
f 534/684/539 524/683/538 536/700/551
f 536/700/551 524/683/538 549/336/262
f 524/683/538 545/337/263 549/336/262
f 318/690/365 527/692/544 541/688/542
f 541/688/542 527/692/544 534/684/539
f 527/692/544 551/704/555 534/684/539
f 534/684/539 551/704/555 544/685/540
f 542/696/547 521/679/536 543/703/554
f 543/703/554 521/679/536 519/705/535
f 521/679/536 520/681/3 519/705/535
f 544/685/540 525/364/286 524/683/538
f 524/683/538 525/364/286 545/337/263
f 525/364/286 181/362/284 545/337/263
f 153/678/2 528/693/545 519/676/535
f 519/676/535 528/693/545 546/706/553
f 528/693/545 535/694/546 546/706/553
f 546/706/553 535/694/546 539/707/537
f 535/694/546 536/700/551 539/707/537
f 547/708/556 512/667/527 548/709/557
f 548/709/557 512/667/527 537/665/525
f 512/667/527 511/509/380 537/665/525
f 539/707/537 536/700/551 170/710/260
f 170/710/260 536/700/551 169/338/259
f 536/700/551 549/336/262 169/338/259
f 550/687/381 530/686/541 527/692/544
f 527/692/544 530/686/541 551/704/555
f 530/686/541 542/696/547 551/704/555
f 551/704/555 542/696/547 544/685/540
f 559/711/558 555/712/559 558/713/560
f 552/714/561 555/712/559 559/711/558
f 575/715/562 553/716/563 819/717/564
f 553/716/563 554/718/565 819/717/564
f 555/712/559 782/719/566 826/720/567
f 555/712/559 552/714/561 782/719/566
f 575/715/562 819/717/564 785/721/568
f 785/721/568 819/717/564 556/722/569
f 819/717/564 830/723/570 556/722/569
f 563/724/571 573/725/572 568/726/573
f 568/726/573 569/727/574 557/728/575
f 559/711/558 558/713/560 564/729/576
f 559/711/558 564/729/576 571/730/577
f 568/726/573 557/728/575 563/724/571
f 560/731/578 562/732/579 561/733/580
f 560/731/578 573/725/572 562/732/579
f 567/734/581 560/731/578 569/727/574
f 567/734/581 573/725/572 560/731/578
f 553/716/563 571/735/577 554/718/565
f 553/716/563 565/736/582 571/735/577
f 561/733/580 562/732/579 848/737/583
f 848/737/583 562/732/579 563/724/571
f 562/732/579 573/725/572 563/724/571
f 571/735/577 564/738/576 554/718/565
f 554/718/565 564/738/576 820/739/584
f 564/738/576 790/740/585 820/739/584
f 844/741/586 557/728/575 847/742/587
f 847/742/587 557/728/575 560/731/578
f 557/728/575 569/727/574 560/731/578
f 567/734/581 569/727/574 565/736/582
f 566/743/588 567/734/581 576/744/589
f 566/743/588 573/725/572 567/734/581
f 568/726/573 570/745/590 569/727/574
f 568/726/573 573/725/572 570/745/590
f 565/736/582 570/745/590 571/735/577
f 565/736/582 569/727/574 570/745/590
f 570/745/590 559/746/558 571/735/577
f 570/745/590 552/747/561 559/746/558
f 570/745/590 566/743/588 572/748/591
f 570/745/590 573/725/572 566/743/588
f 595/749/592 576/744/589 575/715/562
f 595/749/592 566/743/588 576/744/589
f 570/745/590 572/748/591 552/747/561
f 552/747/561 572/748/591 577/750/593
f 572/748/591 566/743/588 577/750/593
f 577/750/593 566/743/588 574/751/594
f 575/715/562 576/744/589 553/716/563
f 553/716/563 576/744/589 565/736/582
f 576/744/589 567/734/581 565/736/582
f 581/752/595 773/753/596 774/754/597
f 592/755/598 775/756/599 580/757/600
f 577/750/593 590/758/601 578/659/519
f 592/755/598 580/757/600 579/759/602
f 578/659/519 596/760/603 784/761/604
f 594/762/605 774/754/597 775/756/599
f 579/759/602 580/757/600 584/763/606
f 594/762/605 775/756/599 592/755/598
f 581/752/595 774/754/597 594/762/605
f 784/761/604 596/760/603 582/764/607
f 579/759/602 584/763/606 583/765/608
f 609/766/609 772/767/610 773/753/596
f 583/765/608 609/766/609 591/768/611
f 583/765/608 584/763/606 609/766/609
f 585/769/612 587/770/613 593/771/614
f 585/769/612 589/772/615 587/770/613
f 586/773/616 587/770/613 588/774/617
f 586/773/616 593/771/614 587/770/613
f 587/770/613 591/775/611 588/774/617
f 587/770/613 589/772/615 591/775/611
f 574/751/594 590/758/601 577/750/593
f 574/751/594 930/776/618 590/758/601
f 582/764/607 574/751/594 566/743/588
f 582/764/607 922/777/619 574/751/594
f 591/768/611 589/778/615 583/765/608
f 583/765/608 589/778/615 579/759/602
f 589/778/615 585/779/612 579/759/602
f 579/759/602 585/779/612 592/755/598
f 585/779/612 593/780/614 592/755/598
f 592/755/598 593/780/614 594/762/605
f 593/780/614 586/781/616 594/762/605
f 594/762/605 586/781/616 581/752/595
f 586/781/616 588/782/617 581/752/595
f 575/715/562 784/761/604 595/749/592
f 595/749/592 784/761/604 566/743/588
f 784/761/604 582/764/607 566/743/588
f 582/764/607 596/760/603 926/783/620
f 926/783/620 596/760/603 590/758/601
f 596/760/603 578/659/519 590/758/601
f 607/784/621 597/785/622 608/786/623
f 608/786/623 597/785/622 598/787/624
f 597/785/622 599/788/625 598/787/624
f 598/787/624 599/788/625 600/789/626
f 599/788/625 601/790/627 600/789/626
f 600/789/626 601/790/627 602/791/628
f 601/790/627 603/792/629 602/791/628
f 602/791/628 603/792/629 604/793/630
f 603/792/629 605/794/631 604/793/630
f 604/793/630 605/794/631 606/795/335
f 605/794/631 607/784/621 606/795/335
f 606/795/335 607/784/621 608/786/623
f 591/768/611 609/766/609 588/782/617
f 588/782/617 609/766/609 581/752/595
f 609/766/609 773/753/596 581/752/595
f 609/766/609 584/763/606 772/767/610
f 772/767/610 584/763/606 769/796/632
f 584/763/606 737/797/633 769/796/632
f 637/798/634 625/799/635 634/800/636
f 637/798/634 630/801/637 625/799/635
f 612/802/638 611/803/639 845/804/640
f 616/805/641 610/806/642 620/807/643
f 618/808/644 849/809/645 611/803/639
f 621/810/646 620/807/643 849/809/645
f 612/802/638 613/811/647 97/211/188
f 612/802/638 845/804/640 613/811/647
f 618/808/644 612/802/638 260/192/174
f 618/808/644 611/803/639 612/802/638
f 189/812/298 617/813/648 619/375/294
f 189/812/298 614/382/290 617/813/648
f 615/814/649 613/811/647 845/804/640
f 615/814/649 610/806/642 613/811/647
f 613/811/647 616/805/641 97/211/188
f 613/811/647 610/806/642 616/805/641
f 621/810/646 617/813/648 614/382/290
f 621/810/646 849/809/645 617/813/648
f 849/809/645 618/808/644 617/813/648
f 617/813/648 618/808/644 619/375/294
f 618/808/644 260/192/174 619/375/294
f 620/807/643 621/810/646 616/805/641
f 616/805/641 621/810/646 137/289/226
f 621/810/646 614/382/290 137/289/226
f 616/805/641 137/289/226 97/211/188
f 612/802/638 97/211/188 260/192/174
f 624/815/650 637/798/634 635/816/651
f 624/815/650 623/817/652 637/798/634
f 622/818/653 624/815/650 631/819/654
f 622/818/653 623/817/652 624/815/650
f 633/820/655 631/819/654 624/815/650
f 633/820/655 625/799/635 631/819/654
f 626/821/656 629/822/657 631/819/654
f 631/819/654 629/822/657 622/818/653
f 629/822/657 627/823/658 622/818/653
f 622/818/653 627/823/658 623/817/652
f 629/822/657 628/824/659 627/823/658
f 627/823/658 628/824/659 623/817/652
f 628/824/659 630/801/637 623/817/652
f 623/817/652 630/801/637 637/798/634
f 629/822/657 626/821/656 628/824/659
f 628/824/659 626/821/656 630/801/637
f 626/821/656 631/819/654 630/801/637
f 630/801/637 631/819/654 625/799/635
f 633/820/655 624/815/650 635/816/651
f 625/799/635 632/825/660 634/800/636
f 625/799/635 633/820/655 632/825/660
f 634/800/636 636/826/661 637/798/634
f 635/816/651 636/826/661 645/827/662
f 635/816/651 637/798/634 636/826/661
f 632/825/660 635/816/651 645/827/662
f 632/825/660 633/820/655 635/816/651
f 854/828/663 641/829/664 858/830/665
f 854/828/663 642/831/666 641/829/664
f 644/832/667 995/833/668 996/834/669
f 644/832/667 645/827/662 995/833/668
f 870/835/670 983/836/671 639/837/672
f 870/835/670 646/838/673 983/836/671
f 995/839/668 854/840/663 638/841/674
f 995/839/668 642/842/666 854/840/663
f 666/843/675 639/837/672 981/844/676
f 666/843/675 640/845/677 639/837/672
f 857/846/678 632/825/660 870/835/670
f 857/846/678 634/800/636 632/825/660
f 641/829/664 642/831/666 636/826/661
f 636/826/661 642/831/666 645/827/662
f 642/831/666 995/833/668 645/827/662
f 853/847/679 649/848/680 863/849/681
f 863/849/681 649/848/680 643/850/682
f 649/848/680 979/851/683 643/850/682
f 644/832/667 646/838/673 645/827/662
f 645/827/662 646/838/673 632/825/660
f 646/838/673 870/835/670 632/825/660
f 644/832/667 987/852/684 646/838/673
f 646/838/673 987/852/684 983/836/671
f 987/852/684 647/853/685 983/836/671
f 636/826/661 634/800/636 641/829/664
f 641/829/664 634/800/636 858/830/665
f 634/800/636 869/854/686 858/830/665
f 648/855/687 677/856/688 673/857/689
f 650/858/690 659/859/691 872/860/692
f 853/847/679 650/858/690 649/848/680
f 648/855/687 660/861/693 677/856/688
f 640/845/677 666/843/675 665/862/694
f 650/858/690 662/863/695 649/848/680
f 650/858/690 872/860/692 662/863/695
f 651/864/696 658/865/697 877/866/698
f 651/864/696 652/867/699 658/865/697
f 872/868/692 655/869/700 657/870/701
f 872/868/692 659/871/691 655/869/700
f 653/872/702 656/873/703 666/843/675
f 653/872/702 654/874/704 656/873/703
f 655/869/700 656/873/703 657/870/701
f 655/869/700 666/843/675 656/873/703
f 656/873/703 651/864/696 657/870/701
f 656/873/703 654/874/704 651/864/696
f 652/875/699 649/876/680 658/877/697
f 652/875/699 980/878/705 649/876/680
f 660/861/693 871/879/706 640/845/677
f 660/861/693 648/855/687 871/879/706
f 650/880/690 664/881/707 659/871/691
f 650/880/690 853/882/679 664/881/707
f 660/861/693 665/862/694 661/883/708
f 660/861/693 640/845/677 665/862/694
f 673/857/689 664/881/707 648/855/687
f 648/855/687 664/881/707 862/884/709
f 664/881/707 853/882/679 862/884/709
f 862/884/709 853/882/679 858/830/665
f 853/882/679 854/828/663 858/830/665
f 649/876/680 662/885/695 658/877/697
f 658/877/697 662/885/695 876/886/710
f 662/885/695 872/887/692 876/886/710
f 663/888/711 661/883/708 664/881/707
f 664/881/707 661/883/708 659/871/691
f 661/883/708 665/862/694 659/871/691
f 659/871/691 665/862/694 655/869/700
f 665/862/694 666/843/675 655/869/700
f 980/889/705 652/867/699 988/890/712
f 988/890/712 652/867/699 654/874/704
f 652/867/699 651/864/696 654/874/704
f 672/891/713 673/857/689 667/892/714
f 676/893/505 669/894/715 668/895/716
f 670/896/717 680/897/718 671/898/719
f 672/891/713 674/899/720 673/857/689
f 678/900/721 663/888/711 675/901/722
f 674/899/720 672/891/713 675/901/722
f 676/893/505 681/902/504 669/894/715
f 677/856/688 660/861/693 661/883/708
f 675/901/722 679/903/723 678/900/721
f 675/901/722 670/896/717 679/903/723
f 670/896/717 672/891/713 680/897/718
f 670/896/717 675/901/722 672/891/713
f 667/892/714 680/897/718 672/891/713
f 667/892/714 671/898/719 680/897/718
f 673/857/689 674/899/720 664/881/707
f 664/881/707 674/899/720 663/888/711
f 674/899/720 675/901/722 663/888/711
f 673/857/689 677/856/688 678/900/721
f 678/900/721 677/856/688 663/888/711
f 677/856/688 661/883/708 663/888/711
f 673/857/689 678/900/721 667/892/714
f 667/892/714 678/900/721 671/898/719
f 678/900/721 679/903/723 671/898/719
f 671/898/719 679/903/723 670/896/717
f 687/904/724 686/905/725 690/906/726
f 711/907/727 682/908/728 681/640/504
f 682/909/728 714/910/729 683/911/730
f 729/912/731 694/913/732 719/914/733
f 732/915/734 684/916/735 694/913/732
f 721/917/736 685/918/737 726/919/738
f 717/920/739 695/921/740 685/922/737
f 686/905/725 687/904/724 697/923/741
f 711/924/727 502/354/279 178/356/281
f 728/925/742 688/926/743 691/927/744
f 689/928/745 690/929/726 698/930/746
f 689/928/745 687/931/724 690/929/726
f 688/926/743 692/932/747 691/927/744
f 688/926/743 693/933/748 692/932/747
f 719/914/733 699/934/749 698/930/746
f 719/914/733 694/913/732 699/934/749
f 695/921/740 754/935/750 696/936/751
f 695/921/740 697/923/741 754/935/750
f 698/930/746 710/937/752 689/928/745
f 698/930/746 699/934/749 710/937/752
f 700/938/753 723/939/754 701/940/755
f 700/938/753 703/941/756 723/939/754
f 685/922/737 702/942/757 709/943/758
f 685/922/737 695/921/740 702/942/757
f 684/916/735 703/941/756 700/938/753
f 684/916/735 731/944/759 703/941/756
f 704/945/760 702/946/757 725/947/761
f 704/945/760 709/948/758 702/946/757
f 725/947/761 693/933/748 704/945/760
f 725/947/761 692/932/747 693/933/748
f 686/905/725 695/921/740 705/949/762
f 686/905/725 697/923/741 695/921/740
f 703/941/756 691/927/744 706/950/763
f 703/941/756 707/951/764 691/927/744
f 708/952/765 695/921/740 696/936/751
f 708/952/765 702/942/757 695/921/740
f 726/919/738 709/948/758 704/945/760
f 726/919/738 685/918/737 709/948/758
f 699/934/749 684/916/735 710/937/752
f 699/934/749 694/913/732 684/916/735
f 722/953/766 705/949/762 716/954/767
f 722/953/766 686/905/725 705/949/762
f 711/907/727 498/642/506 502/649/279
f 711/907/727 681/640/504 498/642/506
f 669/894/715 682/955/728 712/956/768
f 669/894/715 681/902/504 682/955/728
f 683/957/730 712/956/768 682/955/728
f 683/957/730 713/958/769 712/956/768
f 714/910/729 711/924/727 178/356/281
f 714/910/729 682/909/728 711/924/727
f 718/959/770 715/960/771 955/961/772
f 955/961/772 715/960/771 728/925/742
f 715/960/771 688/926/743 728/925/742
f 716/954/767 705/949/762 954/962/773
f 954/962/773 705/949/762 717/920/739
f 705/949/762 695/921/740 717/920/739
f 720/963/774 721/917/736 718/959/770
f 718/959/770 721/917/736 715/960/771
f 721/917/736 726/919/738 715/960/771
f 950/964/775 729/912/731 953/965/776
f 953/965/776 729/912/731 722/966/766
f 729/912/731 719/914/733 722/966/766
f 954/967/773 717/968/739 720/963/774
f 720/963/774 717/968/739 721/917/736
f 717/968/739 685/918/737 721/917/736
f 690/929/726 686/969/725 698/930/746
f 698/930/746 686/969/725 719/914/733
f 686/969/725 722/966/766 719/914/733
f 727/970/496 707/951/764 730/971/777
f 730/971/777 707/951/764 731/944/759
f 707/951/764 703/941/756 731/944/759
f 687/931/724 701/940/755 697/972/741
f 697/972/741 701/940/755 756/973/778
f 701/940/755 723/939/754 756/973/778
f 756/973/778 723/939/754 724/974/779
f 723/939/754 703/941/756 724/974/779
f 724/974/779 703/941/756 706/950/763
f 691/927/744 692/932/747 706/950/763
f 706/950/763 692/932/747 755/975/780
f 692/932/747 725/947/761 755/975/780
f 755/975/780 725/947/761 708/976/765
f 725/947/761 702/946/757 708/976/765
f 684/916/735 700/938/753 710/937/752
f 710/937/752 700/938/753 689/928/745
f 700/938/753 701/940/755 689/928/745
f 689/928/745 701/940/755 687/931/724
f 693/933/748 688/926/743 704/945/760
f 704/945/760 688/926/743 726/919/738
f 688/926/743 715/960/771 726/919/738
f 955/961/772 728/925/742 727/970/496
f 727/970/496 728/925/742 707/951/764
f 728/925/742 691/927/744 707/951/764
f 951/977/781 732/915/734 950/964/775
f 950/964/775 732/915/734 729/912/731
f 732/915/734 694/913/732 729/912/731
f 730/971/777 731/944/759 951/977/781
f 951/977/781 731/944/759 732/915/734
f 731/944/759 684/916/735 732/915/734
f 758/978/782 748/979/783 735/695/532
f 768/980/784 769/981/632 733/982/785
f 733/983/785 769/984/632 737/985/633
f 762/986/786 734/987/787 736/988/788
f 696/989/751 755/975/780 708/976/765
f 735/695/532 759/697/548 758/978/782
f 547/708/556 736/988/788 744/990/789
f 547/708/556 548/709/557 736/988/788
f 135/288/225 737/985/633 134/273/217
f 135/288/225 733/983/785 737/985/633
f 763/698/549 739/991/790 738/992/791
f 763/698/549 740/675/534 739/991/790
f 736/988/788 741/993/792 762/986/786
f 736/988/788 548/709/557 741/993/792
f 532/674/533 742/994/793 753/701/552
f 532/674/533 750/995/794 742/994/793
f 748/996/783 738/992/791 743/997/795
f 748/996/783 758/998/782 738/992/791
f 745/999/796 523/669/529 743/997/795
f 745/999/796 517/672/531 523/669/529
f 734/1000/787 516/671/528 746/1001/797
f 734/1000/787 747/666/526 516/671/528
f 512/667/527 744/990/789 515/670/530
f 512/667/527 547/708/556 744/990/789
f 740/675/534 745/999/796 739/991/790
f 740/675/534 517/672/531 745/999/796
f 746/1002/797 515/670/530 744/990/789
f 746/1002/797 516/668/528 515/670/530
f 734/987/787 744/990/789 736/988/788
f 734/987/787 746/1002/797 744/990/789
f 760/1003/798 747/666/526 761/1004/799
f 760/1003/798 759/697/548 747/666/526
f 747/666/526 762/1005/786 761/1004/799
f 747/666/526 734/1000/787 762/1005/786
f 735/673/532 743/997/795 523/669/529
f 735/673/532 748/996/783 743/997/795
f 739/991/790 743/997/795 738/992/791
f 739/991/790 745/999/796 743/997/795
f 537/665/525 753/701/552 548/709/557
f 548/709/557 753/701/552 741/993/792
f 753/701/552 752/1006/800 741/993/792
f 749/1007/801 751/1008/802 750/995/794
f 750/995/794 751/1008/802 742/994/793
f 751/1008/802 752/1006/800 742/994/793
f 742/994/793 752/1006/800 753/701/552
f 754/1009/750 757/1010/803 696/989/751
f 696/989/751 757/1010/803 755/975/780
f 757/1010/803 706/950/763 755/975/780
f 697/972/741 756/973/778 754/1009/750
f 754/1009/750 756/973/778 757/1010/803
f 756/973/778 724/974/779 757/1010/803
f 757/1010/803 724/974/779 706/950/763
f 758/998/782 759/1011/548 749/1007/801
f 749/1007/801 759/1011/548 751/1008/802
f 759/1011/548 760/1012/798 751/1008/802
f 751/1008/802 760/1012/798 752/1006/800
f 760/1012/798 761/1013/799 752/1006/800
f 752/1006/800 761/1013/799 741/993/792
f 761/1013/799 762/986/786 741/993/792
f 532/674/533 763/698/549 750/995/794
f 750/995/794 763/698/549 749/1007/801
f 763/698/549 738/992/791 749/1007/801
f 749/1007/801 738/992/791 758/998/782
f 764/1014/9 765/1015/804 767/1016/805
f 765/1017/804 766/296/230 776/1018/806
f 134/273/217 737/985/633 776/1018/806
f 134/273/217 776/1018/806 766/296/230
f 764/1014/9 3/1019/8 765/1015/804
f 764/1020/9 767/1021/805 770/1022/807
f 768/980/784 770/1023/807 769/981/632
f 764/1020/9 768/1024/784 771/1025/266
f 764/1020/9 770/1022/807 768/1024/784
f 769/796/632 770/1026/807 772/767/610
f 772/767/610 770/1026/807 773/753/596
f 770/1026/807 767/1027/805 773/753/596
f 773/753/596 767/1027/805 774/754/597
f 767/1027/805 765/1028/804 774/754/597
f 774/754/597 765/1028/804 775/756/599
f 765/1028/804 776/1029/806 775/756/599
f 775/756/599 776/1029/806 580/757/600
f 776/1029/806 737/797/633 580/757/600
f 580/757/600 737/797/633 584/763/606
f 125/281/221 766/296/230 2/279/7
f 2/279/7 766/296/230 3/1030/8
f 766/296/230 765/1017/804 3/1030/8
f 797/1031/808 786/1032/809 777/1033/810
f 506/655/515 578/659/519 797/1031/808
f 578/659/519 505/658/518 805/1034/811
f 506/655/515 797/1031/808 778/653/513
f 781/1035/812 577/750/593 783/1036/813
f 781/1035/812 552/747/561 577/750/593
f 797/1031/808 779/1037/814 786/1032/809
f 797/1031/808 578/659/519 779/1037/814
f 780/1038/815 783/1036/813 805/1034/811
f 780/1038/815 781/1035/812 783/1036/813
f 810/1039/816 552/714/561 781/1040/812
f 810/1039/816 782/719/566 552/714/561
f 578/659/519 783/1036/813 577/750/593
f 578/659/519 805/1034/811 783/1036/813
f 575/715/562 786/1032/809 784/761/604
f 575/715/562 785/721/568 786/1032/809
f 779/1037/814 784/761/604 786/1032/809
f 779/1037/814 578/659/519 784/761/604
f 805/1034/811 787/662/522 798/1041/817
f 805/1034/811 505/658/518 787/662/522
f 787/662/522 797/1031/808 798/1041/817
f 787/662/522 778/653/513 797/1031/808
f 825/1042/818 799/1043/819 788/1044/820
f 788/1044/820 799/1043/819 834/1045/821
f 799/1043/819 777/1033/810 834/1045/821
f 834/1045/821 777/1033/810 829/1046/822
f 777/1033/810 786/1032/809 829/1046/822
f 829/1046/822 786/1032/809 785/721/568
f 781/1047/812 780/1048/815 804/1049/823
f 789/1050/824 564/738/576 793/1051/825
f 564/738/576 791/1052/826 790/740/585
f 564/738/576 789/1050/824 791/1052/826
f 795/1053/827 793/1051/825 792/1054/828
f 795/1053/827 794/1055/829 793/1051/825
f 790/740/585 794/1055/829 795/1053/827
f 790/740/585 796/1056/830 794/1055/829
f 796/1056/830 791/1052/826 803/1057/831
f 796/1056/830 790/740/585 791/1052/826
f 777/1033/810 798/1041/817 797/1031/808
f 777/1033/810 799/1043/819 798/1041/817
f 820/739/584 795/1053/827 813/1058/832
f 820/739/584 790/740/585 795/1053/827
f 808/1059/833 806/1060/834 801/1061/835
f 808/1059/833 802/1062/836 806/1060/834
f 800/1063/837 801/1061/835 789/1050/824
f 800/1063/837 808/1059/833 801/1061/835
f 802/1062/836 796/1056/830 803/1057/831
f 802/1062/836 807/1064/838 796/1056/830
f 780/1038/815 798/1041/817 804/1065/823
f 780/1038/815 805/1034/811 798/1041/817
f 804/1065/823 799/1043/819 825/1042/818
f 804/1065/823 798/1041/817 799/1043/819
f 802/1062/836 803/1057/831 806/1060/834
f 806/1060/834 803/1057/831 801/1061/835
f 803/1057/831 791/1052/826 801/1061/835
f 801/1061/835 791/1052/826 789/1050/824
f 802/1062/836 808/1059/833 807/1064/838
f 807/1064/838 808/1059/833 796/1056/830
f 808/1059/833 800/1063/837 796/1056/830
f 796/1056/830 800/1063/837 794/1055/829
f 800/1063/837 789/1050/824 794/1055/829
f 794/1055/829 789/1050/824 793/1051/825
f 809/1066/839 810/1067/816 825/1068/818
f 825/1068/818 810/1067/816 804/1049/823
f 810/1067/816 781/1047/812 804/1049/823
f 833/1069/840 831/1070/841 818/1071/842
f 826/720/567 833/1072/840 555/712/559
f 555/1073/559 833/1074/840 818/1075/842
f 811/1076/843 834/1045/821 829/1046/822
f 815/1077/844 812/1078/845 827/1079/846
f 813/1058/832 817/1080/847 814/1081/848
f 558/1082/560 793/1083/825 564/1084/576
f 893/1085/849 824/1086/850 815/1087/844
f 824/1086/850 838/639/503 676/641/505
f 817/1080/847 831/1070/841 814/1081/848
f 817/1080/847 818/1071/842 831/1070/841
f 676/893/505 816/1088/851 824/1089/850
f 676/893/505 668/895/716 816/1088/851
f 555/1073/559 817/1090/847 792/1091/828
f 555/1073/559 818/1075/842 817/1090/847
f 821/1092/852 554/718/565 820/739/584
f 821/1092/852 819/717/564 554/718/565
f 813/1058/832 821/1092/852 820/739/584
f 813/1058/832 814/1081/848 821/1092/852
f 823/1093/853 812/1094/845 815/1095/844
f 823/1093/853 822/1096/854 812/1094/845
f 815/1095/844 816/1088/851 823/1093/853
f 815/1095/844 824/1089/850 816/1088/851
f 788/1044/820 809/1097/839 825/1042/818
f 788/1044/820 835/1098/855 809/1097/839
f 835/1098/855 826/1099/567 809/1097/839
f 835/1098/855 828/1100/856 826/1099/567
f 792/1054/828 813/1058/832 795/1053/827
f 792/1054/828 817/1080/847 813/1058/832
f 558/1082/560 792/1091/828 793/1083/825
f 558/1082/560 555/1073/559 792/1091/828
f 893/1101/849 827/1079/846 173/346/271
f 893/1101/849 815/1077/844 827/1079/846
f 810/1039/816 826/720/567 782/719/566
f 810/1039/816 809/1102/839 826/720/567
f 556/722/569 836/1103/857 785/721/568
f 556/722/569 828/1100/856 836/1103/857
f 836/1103/857 829/1046/822 785/721/568
f 836/1103/857 811/1076/843 829/1046/822
f 831/1070/841 837/1104/858 814/1081/848
f 831/1070/841 830/723/570 837/1104/858
f 831/1070/841 833/1069/840 832/1105/859
f 832/1105/859 833/1069/840 828/1100/856
f 833/1069/840 826/1099/567 828/1100/856
f 834/1045/821 811/1076/843 788/1044/820
f 788/1044/820 811/1076/843 835/1098/855
f 811/1076/843 836/1103/857 835/1098/855
f 835/1098/855 836/1103/857 828/1100/856
f 556/722/569 830/723/570 828/1100/856
f 828/1100/856 830/723/570 832/1105/859
f 830/723/570 831/1070/841 832/1105/859
f 814/1081/848 837/1104/858 821/1092/852
f 821/1092/852 837/1104/858 819/717/564
f 837/1104/858 830/723/570 819/717/564
f 893/1085/849 901/1106/860 824/1086/850
f 824/1086/850 901/1106/860 838/639/503
f 901/1106/860 243/466/361 838/639/503
f 851/1107/861 182/1108/287 839/1109/862
f 846/1110/863 174/1111/272 175/1112/274
f 851/1107/861 771/1113/266 182/1108/287
f 840/1114/864 771/1113/266 851/1107/861
f 839/1109/862 182/1108/287 841/1115/865
f 842/1116/866 841/1115/865 174/1111/272
f 850/1117/867 841/1115/865 842/1116/866
f 850/1117/867 839/1109/862 841/1115/865
f 843/1118/264 840/1114/864 175/1112/274
f 843/1118/264 771/1113/266 840/1114/864
f 563/724/571 844/741/586 848/737/583
f 563/724/571 557/728/575 844/741/586
f 611/803/639 850/1117/867 842/1116/866
f 611/803/639 849/809/645 850/1117/867
f 845/804/640 846/1110/863 615/814/649
f 615/814/649 846/1110/863 840/1114/864
f 846/1110/863 175/1112/274 840/1114/864
f 560/731/578 561/733/580 847/742/587
f 847/742/587 561/733/580 844/741/586
f 561/733/580 848/737/583 844/741/586
f 849/809/645 620/807/643 850/1117/867
f 850/1117/867 620/807/643 839/1109/862
f 620/807/643 610/806/642 839/1109/862
f 839/1109/862 610/806/642 851/1107/861
f 610/806/642 615/814/649 851/1107/861
f 851/1107/861 615/814/649 840/1114/864
f 611/803/639 842/1116/866 845/804/640
f 845/804/640 842/1116/866 846/1110/863
f 842/1116/866 174/1111/272 846/1110/863
f 856/1119/868 860/1120/869 855/1121/870
f 859/1122/871 867/1123/872 861/1124/873
f 852/1125/874 860/1120/869 861/1124/873
f 638/1126/674 854/1127/663 853/847/679
f 634/800/636 855/1121/870 869/854/686
f 634/800/636 856/1119/868 855/1121/870
f 856/1119/868 648/855/687 860/1120/869
f 856/1119/868 857/846/678 870/835/670
f 856/1119/868 634/800/636 857/846/678
f 869/854/686 859/1122/871 858/830/665
f 869/854/686 867/1123/872 859/1122/871
f 859/1122/871 860/1120/869 648/855/687
f 859/1122/871 861/1124/873 860/1120/869
f 648/855/687 858/830/665 859/1122/871
f 648/855/687 862/884/709 858/830/665
f 855/1121/870 852/1125/874 869/854/686
f 855/1121/870 860/1120/869 852/1125/874
f 638/1126/674 863/849/681 643/850/682
f 638/1126/674 853/847/679 863/849/681
f 543/703/554 546/702/553 864/699/550
f 543/703/554 519/705/535 546/702/553
f 865/1128/875 867/1123/872 866/1129/876
f 866/1129/876 867/1123/872 868/1130/877
f 867/1123/872 869/854/686 868/1130/877
f 868/1130/877 869/854/686 852/1125/874
f 639/837/672 640/845/677 870/835/670
f 870/835/670 640/845/677 856/1119/868
f 640/845/677 871/879/706 856/1119/868
f 856/1119/868 871/879/706 648/855/687
f 880/1131/878 876/1132/710 872/868/692
f 872/868/692 657/870/701 883/1133/879
f 852/1125/874 866/1129/876 868/1130/877
f 852/1125/874 873/1134/880 866/1129/876
f 875/1135/881 888/1136/882 880/1131/878
f 875/1135/881 887/1137/883 888/1136/882
f 877/866/698 657/870/701 651/864/696
f 877/866/698 883/1133/879 657/870/701
f 873/1134/880 861/1124/873 874/1138/884
f 873/1134/880 852/1125/874 861/1124/873
f 875/1135/881 886/1139/885 887/1137/883
f 875/1135/881 883/1133/879 886/1139/885
f 875/1135/881 872/868/692 883/1133/879
f 875/1135/881 880/1131/878 872/868/692
f 876/1132/710 877/866/698 658/865/697
f 876/1132/710 881/1140/886 877/866/698
f 878/1141/887 884/1142/888 879/1143/889
f 879/1143/889 884/1142/888 888/1136/882
f 884/1142/888 882/1144/890 888/1136/882
f 888/1136/882 882/1144/890 880/1131/878
f 882/1144/890 881/1140/886 880/1131/878
f 880/1131/878 881/1140/886 876/1132/710
f 884/1142/888 886/1139/885 882/1144/890
f 882/1144/890 886/1139/885 881/1140/886
f 886/1139/885 883/1133/879 881/1140/886
f 881/1140/886 883/1133/879 877/866/698
f 878/1141/887 885/1145/891 884/1142/888
f 884/1142/888 885/1145/891 886/1139/885
f 885/1145/891 878/1141/887 886/1139/885
f 886/1139/885 878/1141/887 887/1137/883
f 878/1141/887 879/1143/889 887/1137/883
f 887/1137/883 879/1143/889 888/1136/882
f 125/281/221 896/278/220 133/286/215
f 133/286/215 896/278/220 897/283/223
f 896/278/220 889/1146/892 897/283/223
f 867/1123/872 865/1128/875 861/1124/873
f 861/1124/873 865/1128/875 874/1138/884
f 865/1128/875 866/1129/876 874/1138/884
f 874/1138/884 866/1129/876 873/1134/880
f 908/501/376 890/1147/893 310/500/375
f 970/643/507 500/645/509 906/1148/894
f 894/1149/10 909/1150/895 895/1151/896
f 894/1149/10 895/1151/896 891/1152/11
f 892/1153/268 901/1106/860 893/1085/849
f 243/466/361 901/1106/860 975/467/362
f 893/1101/849 173/346/271 892/343/268
f 894/1154/10 906/1155/894 909/1156/895
f 895/1157/896 896/278/220 891/280/11
f 897/283/223 889/1146/892 918/647/510
f 905/1158/897 500/1159/509 918/1160/510
f 895/1157/896 889/1146/892 896/278/220
f 898/664/524 899/1161/898 510/657/517
f 898/664/524 903/663/523 899/1161/898
f 903/663/523 504/652/512 902/656/516
f 903/663/523 507/661/521 504/652/512
f 975/467/362 892/1153/268 900/1162/270
f 975/467/362 901/1106/860 892/1153/268
f 899/1161/898 902/656/516 510/657/517
f 899/1161/898 903/663/523 902/656/516
f 905/1158/897 907/1163/899 500/1159/509
f 905/1158/897 310/500/375 907/1163/899
f 310/500/375 904/1164/900 917/498/344
f 310/500/375 905/1158/897 904/1164/900
f 970/1165/507 894/1154/10 175/1166/274
f 970/1165/507 906/1155/894 894/1154/10
f 500/1159/509 907/1163/899 906/1167/894
f 906/1167/894 907/1163/899 890/1147/893
f 907/1163/899 310/500/375 890/1147/893
f 906/1167/894 890/1147/893 909/1168/895
f 909/1168/895 890/1147/893 910/1169/901
f 890/1147/893 908/501/376 910/1169/901
f 909/1168/895 910/1169/901 895/1170/896
f 895/1170/896 910/1169/901 911/1171/902
f 910/1169/901 915/1172/903 911/1171/902
f 895/1170/896 911/1171/902 889/1173/892
f 889/1173/892 911/1171/902 912/1174/904
f 911/1171/902 913/1175/905 912/1174/904
f 916/1176/308 913/1175/905 914/1177/309
f 914/1177/309 913/1175/905 915/1172/903
f 913/1175/905 911/1171/902 915/1172/903
f 914/1177/309 915/1172/903 311/502/349
f 311/502/349 915/1172/903 908/501/376
f 915/1172/903 910/1169/901 908/501/376
f 226/1178/310 919/1179/906 916/1176/308
f 916/1176/308 919/1179/906 913/1175/905
f 919/1179/906 912/1174/904 913/1175/905
f 917/498/344 904/1164/900 226/1178/310
f 226/1178/310 904/1164/900 919/1179/906
f 904/1164/900 905/1158/897 919/1179/906
f 889/1173/892 912/1174/904 918/1160/510
f 918/1160/510 912/1174/904 905/1158/897
f 912/1174/904 919/1179/906 905/1158/897
f 991/1180/907 730/1181/777 952/1182/908
f 920/633/497 727/632/496 730/1181/777
f 997/1183/909 921/1184/910 955/1185/772
f 956/634/498 955/1185/772 727/632/496
f 574/751/594 922/777/619 930/776/618
f 997/1183/909 1000/1186/911 921/1184/910
f 933/1187/912 952/1182/908 929/1188/913
f 722/953/766 716/954/767 953/1189/776
f 926/783/620 922/777/619 582/764/607
f 1000/1190/911 929/1188/913 921/1191/910
f 937/1192/252 948/1193/914 923/1194/915
f 937/1192/252 925/1195/916 948/1193/914
f 923/1194/915 936/1196/252 937/1192/252
f 923/1194/915 949/1197/917 936/1196/252
f 920/633/497 991/1180/907 992/636/500
f 920/633/497 730/1181/777 991/1180/907
f 924/1198/918 935/1199/919 934/1200/920
f 924/1198/918 925/1201/916 935/1199/919
f 945/1202/921 959/1203/922 952/1204/908
f 945/1202/921 944/1205/923 959/1203/922
f 590/758/601 931/1206/924 926/783/620
f 590/758/601 930/776/618 931/1206/924
f 927/1207/925 939/1208/926 938/1209/927
f 927/1207/925 932/1210/928 939/1208/926
f 928/1211/929 952/1204/908 959/1203/922
f 928/1211/929 929/1212/913 952/1204/908
f 922/777/619 938/1209/927 939/1208/926
f 922/777/619 926/783/620 938/1209/927
f 930/776/618 927/1207/925 931/1206/924
f 930/776/618 932/1210/928 927/1207/925
f 933/1187/912 1000/1190/911 989/1213/930
f 933/1187/912 929/1188/913 1000/1190/911
f 934/1200/920 941/1214/931 924/1198/918
f 934/1200/920 940/1215/932 941/1214/931
f 935/1216/919 937/1192/252 936/1196/252
f 935/1216/919 925/1195/916 937/1192/252
f 927/1207/925 926/783/620 931/1206/924
f 927/1207/925 938/1209/927 926/783/620
f 932/1210/928 922/777/619 939/1208/926
f 932/1210/928 930/776/618 922/777/619
f 940/1215/932 921/1217/910 941/1214/931
f 941/1214/931 921/1217/910 947/1218/933
f 921/1217/910 929/1212/913 947/1218/933
f 942/1219/934 944/1205/923 943/1220/935
f 943/1220/935 944/1205/923 960/1221/936
f 944/1205/923 945/1202/921 960/1221/936
f 960/1221/936 945/1202/921 946/1222/937
f 947/1218/933 942/1219/934 941/1214/931
f 941/1214/931 942/1219/934 924/1198/918
f 942/1219/934 943/1220/935 924/1198/918
f 924/1198/918 943/1220/935 925/1201/916
f 943/1220/935 948/1223/914 925/1201/916
f 949/1224/917 946/1222/937 953/965/776
f 953/965/776 946/1222/937 950/964/775
f 946/1222/937 945/1202/921 950/964/775
f 950/964/775 945/1202/921 951/977/781
f 945/1202/921 952/1204/908 951/977/781
f 951/977/781 952/1204/908 730/971/777
f 935/1216/919 936/1196/252 954/962/773
f 954/962/773 936/1196/252 716/954/767
f 936/1196/252 949/1197/917 716/954/767
f 716/954/767 949/1197/917 953/1189/776
f 921/1217/910 940/1215/932 955/961/772
f 955/961/772 940/1215/932 718/959/770
f 940/1215/932 934/1200/920 718/959/770
f 718/959/770 934/1200/920 720/963/774
f 934/1200/920 935/1199/919 720/963/774
f 720/963/774 935/1199/919 954/967/773
f 955/1185/772 956/634/498 997/1183/909
f 997/1183/909 956/634/498 998/1225/938
f 956/634/498 957/635/499 998/1225/938
f 998/1225/938 957/635/499 958/637/501
f 952/1182/908 933/1187/912 991/1180/907
f 991/1180/907 933/1187/912 990/1226/939
f 933/1187/912 989/1213/930 990/1226/939
f 990/1226/939 989/1213/930 978/1227/940
f 944/1205/923 942/1219/934 959/1203/922
f 959/1203/922 942/1219/934 928/1211/929
f 942/1219/934 947/1218/933 928/1211/929
f 928/1211/929 947/1218/933 929/1212/913
f 949/1224/917 923/1228/915 946/1222/937
f 946/1222/937 923/1228/915 960/1221/936
f 923/1228/915 948/1223/914 960/1221/936
f 960/1221/936 948/1223/914 943/1220/935
f 135/1229/225 969/1230/941 733/1231/785
f 969/1232/941 768/1233/784 733/1234/785
f 135/1229/225 961/1235/364 969/1230/941
f 962/1236/942 501/1237/508 970/1238/507
f 132/1239/12 501/1240/508 962/1241/942
f 132/1239/12 962/1241/942 971/1242/13
f 963/1243/943 964/1244/944 245/468/363
f 900/1245/270 966/1246/269 965/1247/945
f 900/1245/270 965/1247/945 963/1248/943
f 969/1249/941 964/1250/944 182/1251/287
f 962/1252/942 174/1253/272 964/1250/944
f 967/1254/280 968/1255/946 177/1256/278
f 503/651/511 973/351/276 964/1244/944
f 967/1254/280 503/1257/511 968/1255/946
f 768/1024/784 182/1251/287 771/1025/266
f 768/1024/784 969/1249/941 182/1251/287
f 841/1258/865 964/1259/944 174/1260/272
f 841/1258/865 182/1261/287 964/1259/944
f 124/277/219 961/469/364 247/17/17
f 124/277/219 969/1249/941 961/469/364
f 964/1262/944 124/277/219 962/1252/942
f 964/1262/944 969/1249/941 124/277/219
f 174/1253/272 970/1165/507 175/1166/274
f 174/1253/272 962/1252/942 970/1165/507
f 971/13/13 124/277/219 130/14/14
f 971/13/13 962/1252/942 124/277/219
f 972/350/275 964/1244/944 973/351/276
f 972/350/275 174/347/272 964/1244/944
f 964/1244/944 974/366/288 245/468/363
f 964/1244/944 182/365/287 974/366/288
f 245/468/363 900/1162/270 963/1243/943
f 245/468/363 975/467/362 900/1162/270
f 649/876/680 980/878/705 979/1263/683
f 985/1264/947 643/1265/682 979/1266/683
f 638/1126/674 643/850/682 1003/1267/948
f 653/872/702 666/843/675 976/1268/949
f 666/843/675 981/844/676 976/1268/949
f 978/1269/940 1025/1270/950 977/1271/951
f 978/1227/940 999/1272/952 990/1226/939
f 976/1268/949 982/1273/953 988/890/712
f 979/1266/683 980/889/705 988/890/712
f 984/1274/954 981/844/676 639/837/672
f 984/1274/954 985/1264/947 981/844/676
f 976/1268/949 985/1264/947 982/1273/953
f 976/1268/949 981/844/676 985/1264/947
f 979/1266/683 982/1273/953 985/1264/947
f 979/1266/683 988/890/712 982/1273/953
f 983/836/671 984/1274/954 639/837/672
f 983/836/671 647/853/685 984/1274/954
f 984/1274/954 986/1275/955 985/1264/947
f 984/1274/954 647/853/685 986/1275/955
f 647/853/685 1004/1276/956 986/1275/955
f 647/853/685 987/852/684 1004/1276/956
f 644/832/667 1004/1276/956 987/852/684
f 644/832/667 996/834/669 1004/1276/956
f 653/872/702 988/890/712 654/874/704
f 653/872/702 976/1268/949 988/890/712
f 993/1277/957 978/1269/940 989/1278/930
f 993/1277/957 1025/1270/950 978/1269/940
f 990/1226/939 992/636/500 991/1180/907
f 990/1226/939 999/1272/952 992/636/500
f 1001/1279/958 993/1277/957 1002/1280/959
f 1001/1279/958 994/1281/960 993/1277/957
f 638/841/674 996/1282/669 995/839/668
f 638/841/674 1003/1283/948 996/1282/669
f 997/1183/909 1002/1280/959 1000/1186/911
f 997/1183/909 998/1225/938 1002/1280/959
f 999/1272/952 977/1284/951 1031/1285/469
f 999/1272/952 978/1227/940 977/1284/951
f 989/1278/930 1002/1280/959 993/1277/957
f 989/1278/930 1000/1186/911 1002/1280/959
f 993/1277/957 994/1281/960 1025/1270/950
f 1025/1270/950 994/1281/960 429/1286/470
f 994/1281/960 416/1287/472 429/1286/470
f 1008/1288/961 1001/1279/958 958/637/501
f 958/637/501 1001/1279/958 998/1225/938
f 1001/1279/958 1002/1280/959 998/1225/938
f 985/1264/947 986/1275/955 643/1265/682
f 643/1265/682 986/1275/955 1003/1289/948
f 986/1275/955 1004/1276/956 1003/1289/948
f 1003/1289/948 1004/1276/956 996/834/669
f 992/636/500 999/1272/952 497/638/502
f 497/638/502 999/1272/952 1032/1290/962
f 999/1272/952 1031/1285/469 1032/1290/962
f 416/1287/472 994/1281/960 1005/1291/963
f 1005/1291/963 994/1281/960 1008/1288/961
f 994/1281/960 1001/1279/958 1008/1288/961
f 958/637/501 497/638/502 1008/1288/961
f 1008/1288/961 497/638/502 1033/1292/964
f 497/638/502 1032/1290/962 1033/1292/964
f 1006/1293/965 185/371/292 186/20/20
f 188/379/297 1035/1294/966 1007/377/296
f 1008/1288/961 1033/1292/964 1005/1291/963
f 1009/1295/967 185/371/292 1010/1296/968
f 1040/370/291 1028/1297/969 7/374/27
f 463/1298/477 1005/1291/963 1011/1299/495
f 463/1298/477 416/1287/472 1005/1291/963
f 1015/1300/970 1012/1301/971 188/379/297
f 1015/1300/970 1013/1302/972 1012/1301/971
f 1041/1303/973 1014/1304/974 1040/370/291
f 1041/1303/973 1042/1305/975 1014/1304/974
f 1030/24/24 1016/34/34 1015/1306/970
f 1030/24/24 20/23/23 1016/34/34
f 1010/1296/968 1022/1307/976 1009/1295/967
f 1010/1296/968 1017/1308/977 1022/1307/976
f 1039/1309/978 1034/1310/979 1021/1311/980
f 1039/1309/978 1018/1312/981 1034/1310/979
f 1024/1313/982 1035/1294/966 1023/1314/983
f 1024/1313/982 1019/1315/984 1035/1294/966
f 1007/377/296 1019/1315/984 189/380/298
f 1007/377/296 1035/1294/966 1019/1315/984
f 187/372/293 1009/1295/967 1038/1316/985
f 187/372/293 185/371/292 1009/1295/967
f 1020/1317/986 1039/1309/978 1021/1311/980
f 1020/1317/986 1022/1307/976 1039/1309/978
f 1043/1318/987 1023/1314/983 1034/1319/979
f 1043/1318/987 1024/1313/982 1023/1314/983
f 1031/1320/469 1025/1270/950 429/1286/470
f 1031/1320/469 977/1271/951 1025/1270/950
f 186/20/20 7/27/27 1028/1321/969
f 186/20/20 252/22/22 7/27/27
f 1019/1315/984 1026/1322/988 189/380/298
f 1019/1315/984 1041/1303/973 1026/1322/988
f 1006/1293/965 1028/1321/969 1027/1323/989
f 1006/1293/965 186/20/20 1028/1321/969
f 1029/116/25 1030/1324/24 190/376/295
f 190/376/295 1030/1324/24 188/379/297
f 1030/1324/24 1015/1300/970 188/379/297
f 1031/1285/469 462/1325/494 1032/1290/962
f 1032/1290/962 462/1325/494 1033/1292/964
f 462/1325/494 1011/1299/495 1033/1292/964
f 1033/1292/964 1011/1299/495 1005/1291/963
f 1034/1319/979 1023/1314/983 1013/1302/972
f 1013/1302/972 1023/1314/983 1012/1301/971
f 1023/1314/983 1035/1294/966 1012/1301/971
f 1012/1301/971 1035/1294/966 188/379/297
f 1038/1316/985 1037/1326/990 1036/1327/991
f 1036/1327/991 1037/1326/990 1021/1311/980
f 1037/1326/990 1020/1317/986 1021/1311/980
f 185/371/292 1006/1293/965 1010/1296/968
f 1010/1296/968 1006/1293/965 1018/1312/981
f 1006/1293/965 1027/1323/989 1018/1312/981
f 1018/1312/981 1027/1323/989 1034/1310/979
f 1016/34/34 1036/1327/991 1015/1306/970
f 1015/1306/970 1036/1327/991 1013/1328/972
f 1036/1327/991 1021/1311/980 1013/1328/972
f 1013/1328/972 1021/1311/980 1034/1310/979
f 1020/1317/986 1037/1326/990 1022/1307/976
f 1022/1307/976 1037/1326/990 1009/1295/967
f 1037/1326/990 1038/1316/985 1009/1295/967
f 187/372/293 1038/1316/985 10/35/35
f 10/35/35 1038/1316/985 1016/34/34
f 1038/1316/985 1036/1327/991 1016/34/34
f 1022/1307/976 1017/1308/977 1039/1309/978
f 1039/1309/978 1017/1308/977 1018/1312/981
f 1017/1308/977 1010/1296/968 1018/1312/981
f 189/380/298 1026/1322/988 614/369/290
f 614/369/290 1026/1322/988 1040/370/291
f 1026/1322/988 1041/1303/973 1040/370/291
f 1034/1319/979 1027/1329/989 1042/1305/975
f 1042/1305/975 1027/1329/989 1014/1304/974
f 1027/1329/989 1028/1297/969 1014/1304/974
f 1014/1304/974 1028/1297/969 1040/370/291
f 1019/1315/984 1024/1313/982 1041/1303/973
f 1041/1303/973 1024/1313/982 1042/1305/975
f 1024/1313/982 1043/1318/987 1042/1305/975
f 1042/1305/975 1043/1318/987 1034/1319/979
f 1048/1330/992 1044/1331/993 1132/1332/994
f 1143/1333/995 1121/1334/996 1045/1335/997
f 1129/1336/998 1119/1337/999 1130/1338/1000
f 1044/1331/993 1047/1339/1001 1046/1340/1002
f 1044/1331/993 1048/1330/992 1047/1339/1001
f 1049/1341/1003 1081/1342/1004 1080/1343/1005
f 1049/1341/1003 1074/1344/1006 1081/1342/1004
f 1126/1345/1007 1050/1346/1008 1075/1347/1009
f 1126/1345/1007 1082/1348/1010 1050/1346/1008
f 1051/1349/1011 1080/1343/1005 1052/1350/1012
f 1051/1349/1011 1049/1341/1003 1080/1343/1005
f 1053/1351/1013 1055/1352/1014 1054/1353/1015
f 1053/1351/1013 1122/1354/1016 1055/1352/1014
f 1058/1355/1017 1052/1350/1012 1057/1356/1018
f 1058/1355/1017 1051/1349/1011 1052/1350/1012
f 1059/1357/1019 1065/1358/1020 1076/1359/1021
f 1059/1357/1019 1056/1360/1022 1065/1358/1020
f 1062/1361/1023 1057/1356/1018 1073/1362/1024
f 1062/1361/1023 1058/1355/1017 1057/1356/1018
f 1059/1357/1019 1060/1363/1025 1056/1360/1022
f 1059/1357/1019 1077/1364/1026 1060/1363/1025
f 1061/1365/1027 1073/1362/1024 1072/1366/1028
f 1061/1365/1027 1062/1361/1023 1073/1362/1024
f 1065/1358/1020 1123/1367/1029 1076/1359/1021
f 1065/1358/1020 1124/1368/1030 1123/1367/1029
f 1121/1334/996 1072/1366/1028 1045/1335/997
f 1121/1334/996 1061/1365/1027 1072/1366/1028
f 1079/1369/1031 1054/1353/1015 1063/1370/1032
f 1079/1369/1031 1053/1351/1013 1054/1353/1015
f 1064/1371/1033 1075/1347/1009 1120/1372/1034
f 1064/1371/1033 1126/1345/1007 1075/1347/1009
f 1124/1368/1030 1056/1360/1022 1142/1373/1035
f 1124/1368/1030 1065/1358/1020 1056/1360/1022
f 1105/1374/1036 1081/1375/1004 1146/1376/1037
f 1105/1374/1036 1066/1377/1038 1081/1375/1004
f 1146/1376/1037 1078/1378/1039 1147/1379/1040
f 1146/1376/1037 1067/1380/1041 1078/1378/1039
f 1068/1381/1042 1070/1382/1043 1069/1383/1044
f 1068/1381/1042 1071/1384/1045 1070/1382/1043
f 1072/1385/1028 1120/1372/1034 1075/1347/1009
f 1072/1385/1028 1073/1386/1024 1120/1372/1034
f 1068/1381/1042 1049/1387/1003 1071/1384/1045
f 1068/1381/1042 1074/1388/1006 1049/1387/1003
f 1050/1346/1008 1072/1385/1028 1075/1347/1009
f 1050/1346/1008 1045/1389/997 1072/1385/1028
f 1123/1367/1029 1105/1374/1036 1076/1359/1021
f 1123/1367/1029 1066/1377/1038 1105/1374/1036
f 1077/1364/1026 1078/1378/1039 1125/1390/1046
f 1077/1364/1026 1147/1379/1040 1078/1378/1039
f 1079/1369/1031 1052/1391/1012 1053/1351/1013
f 1079/1369/1031 1057/1392/1018 1052/1391/1012
f 1122/1354/1016 1052/1391/1012 1080/1393/1005
f 1122/1354/1016 1053/1351/1013 1052/1391/1012
f 1122/1354/1016 1081/1375/1004 1066/1377/1038
f 1122/1354/1016 1080/1393/1005 1081/1375/1004
f 1143/1394/995 1050/1346/1008 1082/1348/1010
f 1143/1394/995 1045/1389/997 1050/1346/1008
f 1078/1378/1039 1143/1394/995 1082/1348/1010
f 1078/1378/1039 1067/1380/1041 1143/1394/995
f 1138/1395/1047 1048/1330/992 1137/1396/1048
f 1138/1395/1047 1047/1339/1001 1048/1330/992
f 1118/1397/1049 1046/1340/1002 1131/1398/1050
f 1118/1397/1049 1044/1331/993 1046/1340/1002
f 1115/1399/1051 1152/1400/1052 1083/1401/1053
f 1115/1399/1051 1084/1402/1054 1152/1400/1052
f 1111/1403/1055 1109/1404/1056 1158/1405/1057
f 1111/1403/1055 1112/1406/1058 1109/1404/1056
f 1085/1407/1059 1086/1408/1060 1098/1409/1061
f 1085/1407/1059 1155/1410/1062 1086/1408/1060
f 1087/1411/1063 1158/1405/1057 1089/1412/1064
f 1087/1411/1063 1111/1403/1055 1158/1405/1057
f 1145/1413/1065 1104/1414/1066 1088/1415/1067
f 1145/1413/1065 1103/1416/1068 1104/1414/1066
f 1093/1417/1069 1089/1412/1064 1092/1418/1070
f 1093/1417/1069 1087/1411/1063 1089/1412/1064
f 1104/1414/1066 1157/1419/1071 1088/1415/1067
f 1104/1414/1066 1090/1420/1072 1157/1419/1071
f 1095/1421/1073 1092/1418/1070 1091/1422/1074
f 1095/1421/1073 1093/1417/1069 1092/1418/1070
f 1145/1413/1065 1094/1423/1075 1103/1416/1068
f 1145/1413/1065 1154/1424/1076 1094/1423/1075
f 1101/1425/1077 1091/1422/1074 1150/1426/1078
f 1101/1425/1077 1095/1421/1073 1091/1422/1074
f 1096/1427/1079 1098/1409/1061 1097/1428/1080
f 1096/1427/1079 1085/1407/1059 1098/1409/1061
f 1110/1429/1081 1083/1401/1053 1153/1430/1082
f 1110/1429/1081 1115/1399/1051 1083/1401/1053
f 1099/1431/1083 1150/1426/1078 1100/1432/1084
f 1099/1431/1083 1101/1425/1077 1150/1426/1078
f 1097/1428/1080 1153/1430/1082 1096/1427/1079
f 1097/1428/1080 1110/1429/1081 1153/1430/1082
f 1102/1433/1085 1103/1416/1068 1094/1423/1075
f 1102/1433/1085 1104/1414/1066 1103/1416/1068
f 1106/1434/1086 1113/1435/1087 1105/1374/1036
f 1106/1434/1086 1114/1436/1088 1113/1435/1087
f 1147/1379/1040 1117/1437/1089 1106/1434/1086
f 1147/1379/1040 1116/1438/1090 1117/1437/1089
f 1148/1439/1091 1107/1440/1092 1068/1381/1042
f 1148/1439/1091 1099/1431/1083 1107/1440/1092
f 1110/1429/1081 1093/1441/1069 1095/1442/1073
f 1110/1429/1081 1097/1428/1080 1093/1441/1069
f 1107/1440/1092 1108/1443/1093 1068/1381/1042
f 1107/1440/1092 1109/1444/1056 1108/1443/1093
f 1110/1429/1081 1101/1445/1077 1115/1399/1051
f 1110/1429/1081 1095/1442/1073 1101/1445/1077
f 1145/1413/1065 1113/1435/1087 1154/1424/1076
f 1145/1413/1065 1105/1374/1036 1113/1435/1087
f 1087/1446/1063 1097/1428/1080 1098/1409/1061
f 1087/1446/1063 1093/1441/1069 1097/1428/1080
f 1151/1447/1094 1147/1379/1040 1157/1419/1071
f 1151/1447/1094 1116/1438/1090 1147/1379/1040
f 1086/1408/1060 1087/1446/1063 1098/1409/1061
f 1086/1408/1060 1111/1448/1055 1087/1446/1063
f 1112/1449/1058 1086/1408/1060 1155/1410/1062
f 1112/1449/1058 1111/1448/1055 1086/1408/1060
f 1113/1435/1087 1112/1449/1058 1155/1410/1062
f 1113/1435/1087 1114/1436/1088 1112/1449/1058
f 1084/1402/1054 1101/1445/1077 1149/1450/1095
f 1084/1402/1054 1115/1399/1051 1101/1445/1077
f 1084/1402/1054 1117/1437/1089 1116/1438/1090
f 1084/1402/1054 1149/1450/1095 1117/1437/1089
f 1130/1338/1000 1140/1451/1096 1136/1452/1097
f 1130/1338/1000 1131/1398/1050 1140/1451/1096
f 1131/1398/1050 1119/1337/999 1118/1397/1049
f 1131/1398/1050 1130/1338/1000 1119/1337/999
f 1081/1342/1004 1068/1381/1042 1146/1453/1037
f 1081/1342/1004 1074/1344/1006 1068/1381/1042
f 1064/1371/1033 1120/1372/1034 1063/1370/1032
f 1063/1370/1032 1120/1372/1034 1079/1369/1031
f 1120/1372/1034 1073/1386/1024 1079/1369/1031
f 1079/1369/1031 1073/1386/1024 1057/1392/1018
f 1058/1454/1017 1062/1455/1023 1051/1456/1011
f 1051/1456/1011 1062/1455/1023 1144/1457/1098
f 1062/1455/1023 1061/1458/1027 1144/1457/1098
f 1144/1457/1098 1061/1458/1027 1121/1334/996
f 1066/1377/1038 1123/1367/1029 1122/1354/1016
f 1122/1354/1016 1123/1367/1029 1055/1352/1014
f 1123/1367/1029 1124/1368/1030 1055/1352/1014
f 1055/1352/1014 1124/1368/1030 1054/1353/1015
f 1124/1368/1030 1142/1373/1035 1054/1353/1015
f 1054/1353/1015 1142/1373/1035 1063/1370/1032
f 1142/1373/1035 1141/1459/1099 1063/1370/1032
f 1063/1370/1032 1141/1459/1099 1064/1371/1033
f 1141/1459/1099 1125/1390/1046 1064/1371/1033
f 1064/1371/1033 1125/1390/1046 1126/1345/1007
f 1125/1390/1046 1078/1378/1039 1126/1345/1007
f 1126/1345/1007 1078/1378/1039 1082/1348/1010
f 1132/1332/994 1128/1460/1100 1127/1461/1101
f 1127/1461/1101 1128/1460/1100 1133/1462/1102
f 1128/1460/1100 1129/1336/998 1133/1462/1102
f 1133/1462/1102 1129/1336/998 1135/1463/1103
f 1129/1336/998 1130/1338/1000 1135/1463/1103
f 1135/1463/1103 1130/1338/1000 1136/1452/1097
f 1138/1395/1047 1139/1464/1104 1047/1339/1001
f 1047/1339/1001 1139/1464/1104 1046/1340/1002
f 1139/1464/1104 1140/1451/1096 1046/1340/1002
f 1046/1340/1002 1140/1451/1096 1131/1398/1050
f 1132/1332/994 1127/1461/1101 1048/1330/992
f 1048/1330/992 1127/1461/1101 1137/1396/1048
f 1127/1461/1101 1133/1462/1102 1137/1396/1048
f 1137/1396/1048 1133/1462/1102 1134/1465/1105
f 1133/1462/1102 1135/1463/1103 1134/1465/1105
f 1134/1465/1105 1135/1463/1103 1136/1452/1097
f 1137/1396/1048 1134/1465/1105 1138/1395/1047
f 1138/1395/1047 1134/1465/1105 1139/1464/1104
f 1134/1465/1105 1136/1452/1097 1139/1464/1104
f 1139/1464/1104 1136/1452/1097 1140/1451/1096
f 1125/1390/1046 1141/1459/1099 1077/1364/1026
f 1077/1364/1026 1141/1459/1099 1060/1363/1025
f 1141/1459/1099 1142/1373/1035 1060/1363/1025
f 1060/1363/1025 1142/1373/1035 1056/1360/1022
f 1068/1381/1042 1069/1383/1044 1067/1466/1041
f 1067/1466/1041 1069/1383/1044 1143/1333/995
f 1069/1383/1044 1070/1382/1043 1143/1333/995
f 1143/1333/995 1070/1382/1043 1121/1334/996
f 1070/1382/1043 1071/1384/1045 1121/1334/996
f 1121/1334/996 1071/1384/1045 1144/1457/1098
f 1071/1384/1045 1049/1387/1003 1144/1457/1098
f 1144/1457/1098 1049/1387/1003 1051/1456/1011
f 1076/1359/1021 1105/1374/1036 1059/1357/1019
f 1059/1357/1019 1105/1374/1036 1146/1467/1037
f 1105/1374/1036 1145/1413/1065 1146/1467/1037
f 1146/1467/1037 1145/1413/1065 1088/1415/1067
f 1059/1357/1019 1146/1467/1037 1077/1364/1026
f 1077/1364/1026 1146/1467/1037 1147/1379/1040
f 1146/1467/1037 1088/1415/1067 1147/1379/1040
f 1147/1379/1040 1088/1415/1067 1157/1419/1071
f 1068/1381/1042 1117/1468/1089 1148/1439/1091
f 1148/1439/1091 1117/1468/1089 1099/1431/1083
f 1117/1468/1089 1149/1469/1095 1099/1431/1083
f 1099/1431/1083 1149/1469/1095 1101/1425/1077
f 1091/1470/1074 1092/1471/1070 1150/1426/1078
f 1150/1426/1078 1092/1471/1070 1100/1432/1084
f 1092/1471/1070 1089/1472/1064 1100/1432/1084
f 1100/1432/1084 1089/1472/1064 1158/1473/1057
f 1116/1438/1090 1151/1447/1094 1084/1402/1054
f 1084/1402/1054 1151/1447/1094 1152/1400/1052
f 1151/1447/1094 1156/1474/1106 1152/1400/1052
f 1152/1400/1052 1156/1474/1106 1083/1401/1053
f 1156/1474/1106 1102/1433/1085 1083/1401/1053
f 1083/1401/1053 1102/1433/1085 1153/1430/1082
f 1102/1433/1085 1094/1423/1075 1153/1430/1082
f 1153/1430/1082 1094/1423/1075 1096/1427/1079
f 1094/1423/1075 1154/1424/1076 1096/1427/1079
f 1096/1427/1079 1154/1424/1076 1085/1407/1059
f 1154/1424/1076 1113/1435/1087 1085/1407/1059
f 1085/1407/1059 1113/1435/1087 1155/1410/1062
f 1068/1381/1042 1108/1475/1093 1106/1476/1086
f 1106/1476/1086 1108/1475/1093 1114/1477/1088
f 1108/1475/1093 1109/1404/1056 1114/1477/1088
f 1114/1477/1088 1109/1404/1056 1112/1406/1058
f 1102/1433/1085 1156/1474/1106 1104/1414/1066
f 1104/1414/1066 1156/1474/1106 1090/1420/1072
f 1156/1474/1106 1151/1447/1094 1090/1420/1072
f 1090/1420/1072 1151/1447/1094 1157/1419/1071
f 1109/1444/1056 1107/1440/1092 1158/1473/1057
f 1158/1473/1057 1107/1440/1092 1100/1432/1084
f 1107/1440/1092 1099/1431/1083 1100/1432/1084
f 1165/1478/1107 1167/1479/1108 1174/1480/1109
f 1178/1481/1110 1167/1479/1108 1159/1482/1111
f 1178/1481/1110 1174/1480/1109 1167/1479/1108
f 1174/1480/1109 1160/1483/1112 1165/1478/1107
f 1174/1480/1109 1162/1484/1113 1160/1483/1112
f 1161/1485/1114 1163/1486/1115 1162/1484/1113
f 1162/1484/1113 1163/1486/1115 1160/1483/1112
f 1163/1486/1115 1164/1487/1116 1160/1483/1112
f 1160/1483/1112 1164/1487/1116 1165/1478/1107
f 1164/1487/1116 1166/1488/1117 1165/1478/1107
f 1165/1478/1107 1166/1488/1117 1167/1479/1108
f 1166/1488/1117 1159/1482/1111 1167/1479/1108
f 1174/1480/1109 1169/1489/1118 1168/1490/1119
f 1168/1490/1119 1169/1489/1118 1170/1491/1120
f 1169/1489/1118 1171/1492/1121 1170/1491/1120
f 1174/1480/1109 1173/1493/1122 1169/1489/1118
f 1169/1489/1118 1173/1493/1122 1171/1492/1121
f 1173/1493/1122 1172/1494/1123 1171/1492/1121
f 1174/1480/1109 1175/1495/1124 1173/1493/1122
f 1173/1493/1122 1175/1495/1124 1172/1494/1123
f 1175/1495/1124 1176/1496/1125 1172/1494/1123
f 1174/1480/1109 1177/1497/1126 1175/1495/1124
f 1175/1495/1124 1177/1497/1126 1176/1496/1125
f 1177/1497/1126 1179/1498/1127 1176/1496/1125
f 1174/1480/1109 1178/1481/1110 1177/1497/1126
f 1177/1497/1126 1178/1481/1110 1179/1498/1127
f 1178/1481/1110 1159/1482/1111 1179/1498/1127
f 1174/1480/1109 1168/1490/1119 1162/1484/1113
f 1162/1484/1113 1168/1490/1119 1161/1485/1114
f 1168/1490/1119 1170/1491/1120 1161/1485/1114
f 1180/1499/1128 1182/1500/1129 1181/1501/1130
f 1180/1499/1128 1183/1502/1131 1182/1500/1129
f 1187/1503/1132 1193/1504/1133 1195/1505/1134
f 1187/1503/1132 1191/1506/1135 1193/1504/1133
f 1183/1502/1131 1184/1507/1136 1182/1500/1129
f 1183/1502/1131 1185/1508/1137 1184/1507/1136
f 1187/1503/1132 1197/1509/1138 1199/1510/1139
f 1187/1503/1132 1195/1505/1134 1197/1509/1138
f 1186/1511/1140 1180/1499/1128 1181/1501/1130
f 1186/1511/1140 1187/1503/1132 1180/1499/1128
f 1187/1503/1132 1188/1512/1141 1191/1506/1135
f 1187/1503/1132 1186/1511/1140 1188/1512/1141
f 1180/1499/1128 1187/1503/1132 1183/1502/1131
f 1183/1502/1131 1187/1503/1132 1185/1508/1137
f 1187/1503/1132 1199/1510/1139 1185/1508/1137
f 1181/1501/1130 1189/1513/1142 1186/1511/1140
f 1186/1511/1140 1189/1513/1142 1188/1512/1141
f 1189/1513/1142 1190/1514/1143 1188/1512/1141
f 1188/1512/1141 1190/1514/1143 1191/1506/1135
f 1190/1514/1143 1192/1515/1144 1191/1506/1135
f 1191/1506/1135 1192/1515/1144 1193/1504/1133
f 1192/1515/1144 1194/1516/1145 1193/1504/1133
f 1193/1504/1133 1194/1516/1145 1195/1505/1134
f 1194/1516/1145 1196/1517/1146 1195/1505/1134
f 1195/1505/1134 1196/1517/1146 1197/1509/1138
f 1196/1517/1146 1198/1518/1147 1197/1509/1138
f 1197/1509/1138 1198/1518/1147 1199/1510/1139
f 1198/1518/1147 1200/1519/1148 1199/1510/1139
f 1199/1510/1139 1200/1519/1148 1185/1508/1137
f 1200/1519/1148 1184/1507/1136 1185/1508/1137
f 1201/1520/1149 1202/1521/1150 1203/1522/1151
f 1203/1522/1151 1204/1523/1152 1211/1524/1153
f 1203/1522/1151 1202/1521/1150 1204/1523/1152
f 1203/1522/1151 1206/1525/1154 1205/1526/1155
f 1203/1522/1151 1211/1524/1153 1206/1525/1154
f 1207/1527/1156 1209/1528/1157 1208/1529/1158
f 1208/1529/1158 1209/1528/1157 1210/1530/1159
f 1209/1528/1157 1211/1524/1153 1210/1530/1159
f 1210/1530/1159 1211/1524/1153 1204/1523/1152
f 1212/1531/1160 1228/1532/1161 1237/1533/1162
f 1223/1534/1163 1263/1535/1164 1213/1536/1165
f 1221/1537/1166 1240/1538/1167 1214/1539/1168
f 1221/1537/1166 1215/1540/1169 1240/1538/1167
f 1216/1541/1170 1214/1539/1168 1240/1538/1167
f 1216/1541/1170 1217/1542/1171 1214/1539/1168
f 1237/1543/1162 1256/1544/1172 1262/1545/1173
f 1237/1543/1162 1255/1546/1174 1256/1544/1172
f 1233/1547/1175 1218/1548/1176 1232/1549/1177
f 1233/1547/1175 1229/1550/1178 1218/1548/1176
f 1229/1550/1178 1238/1551/1179 1271/1552/1180
f 1229/1550/1178 1212/1531/1160 1238/1551/1179
f 1227/1553/1181 1239/1554/1182 1220/1555/1183
f 1227/1553/1181 1249/1556/1184 1239/1554/1182
f 1219/1557/1185 1220/1555/1183 1239/1554/1182
f 1219/1557/1185 1261/1558/1186 1220/1555/1183
f 1246/1559/1187 1232/1549/1177 1218/1548/1176
f 1246/1559/1187 1223/1534/1163 1232/1549/1177
f 1268/1560/1188 1221/1537/1166 1214/1539/1168
f 1268/1560/1188 1222/1561/1189 1221/1537/1166
f 1261/1558/1186 1247/1562/1190 1230/1563/1191
f 1261/1558/1186 1219/1557/1185 1247/1562/1190
f 1223/1534/1163 1259/1564/1192 1263/1535/1164
f 1223/1534/1163 1246/1559/1187 1259/1564/1192
f 1244/1565/1193 1225/1566/1194 1224/1567/1195
f 1244/1565/1193 1255/1546/1174 1225/1566/1194
f 1226/1568/1196 1227/1553/1181 1271/1552/1180
f 1226/1568/1196 1249/1556/1184 1227/1553/1181
f 1212/1531/1160 1233/1547/1175 1228/1532/1161
f 1212/1531/1160 1229/1550/1178 1233/1547/1175
f 1230/1563/1191 1263/1535/1164 1259/1564/1192
f 1230/1563/1191 1231/1569/1197 1263/1535/1164
f 1232/1549/1177 1228/1532/1161 1233/1547/1175
f 1232/1549/1177 1234/1570/1198 1228/1532/1161
f 1213/1536/1165 1232/1549/1177 1223/1534/1163
f 1213/1536/1165 1234/1570/1198 1232/1549/1177
f 1266/1571/1199 1264/1572/1200 1235/1573/1201
f 1266/1571/1199 1236/1574/1202 1264/1572/1200
f 1237/1533/1162 1238/1551/1179 1212/1531/1160
f 1237/1533/1162 1262/1575/1173 1238/1551/1179
f 1216/1576/1170 1239/1554/1182 1249/1556/1184
f 1216/1576/1170 1240/1577/1167 1239/1554/1182
f 1239/1554/1182 1215/1578/1169 1219/1557/1185
f 1239/1554/1182 1240/1577/1167 1215/1578/1169
f 1266/1579/1199 1250/1580/1203 1241/1581/1204
f 1266/1579/1199 1267/1582/1205 1250/1580/1203
f 1258/1583/1206 1241/1581/1204 1257/1584/1207
f 1258/1583/1206 1266/1579/1199 1241/1581/1204
f 1220/1555/1183 1271/1552/1180 1227/1553/1181
f 1220/1555/1183 1245/1585/1208 1271/1552/1180
f 1248/1586/1209 1243/1587/1210 1242/1588/1211
f 1248/1586/1209 1244/1589/1193 1243/1587/1210
f 1213/1590/1165 1224/1567/1195 1234/1591/1198
f 1213/1590/1165 1236/1574/1202 1224/1567/1195
f 1260/1592/1212 1220/1555/1183 1261/1558/1186
f 1260/1592/1212 1245/1585/1208 1220/1555/1183
f 1271/1552/1180 1218/1548/1176 1229/1550/1178
f 1271/1552/1180 1245/1585/1208 1218/1548/1176
f 1260/1592/1212 1218/1548/1176 1245/1585/1208
f 1260/1592/1212 1246/1559/1187 1218/1548/1176
f 1247/1562/1190 1215/1578/1169 1265/1593/1213
f 1247/1562/1190 1219/1557/1185 1215/1578/1169
f 1269/1594/1214 1248/1595/1209 1270/1596/1215
f 1269/1594/1214 1256/1544/1172 1248/1595/1209
f 1249/1556/1184 1272/1597/1216 1216/1576/1170
f 1249/1556/1184 1226/1568/1196 1272/1597/1216
f 1265/1593/1213 1230/1563/1191 1247/1562/1190
f 1265/1593/1213 1231/1569/1197 1230/1563/1191
f 1267/1582/1205 1251/1598/1217 1250/1580/1203
f 1267/1582/1205 1268/1599/1188 1251/1598/1217
f 1268/1599/1188 1252/1600/1218 1251/1598/1217
f 1268/1599/1188 1253/1601/1219 1252/1600/1218
f 1253/1601/1219 1254/1602/1220 1252/1600/1218
f 1253/1601/1219 1270/1603/1215 1254/1602/1220
f 1270/1603/1215 1242/1588/1211 1254/1602/1220
f 1270/1603/1215 1248/1586/1209 1242/1588/1211
f 1244/1565/1193 1256/1544/1172 1255/1546/1174
f 1244/1565/1193 1248/1595/1209 1256/1544/1172
f 1244/1589/1193 1257/1584/1207 1243/1587/1210
f 1244/1589/1193 1258/1583/1206 1257/1584/1207
f 1237/1543/1162 1228/1604/1161 1255/1546/1174
f 1255/1546/1174 1228/1604/1161 1225/1566/1194
f 1228/1604/1161 1234/1591/1198 1225/1566/1194
f 1225/1566/1194 1234/1591/1198 1224/1567/1195
f 1246/1559/1187 1260/1592/1212 1259/1564/1192
f 1259/1564/1192 1260/1592/1212 1230/1563/1191
f 1260/1592/1212 1261/1558/1186 1230/1563/1191
f 1216/1541/1170 1272/1605/1216 1217/1542/1171
f 1217/1542/1171 1272/1605/1216 1269/1594/1214
f 1272/1605/1216 1262/1545/1173 1269/1594/1214
f 1269/1594/1214 1262/1545/1173 1256/1544/1172
f 1213/1590/1165 1263/1606/1164 1236/1574/1202
f 1236/1574/1202 1263/1606/1164 1264/1572/1200
f 1263/1606/1164 1231/1607/1197 1264/1572/1200
f 1264/1572/1200 1231/1607/1197 1235/1573/1201
f 1221/1537/1166 1222/1561/1189 1215/1540/1169
f 1215/1540/1169 1222/1561/1189 1265/1608/1213
f 1222/1561/1189 1235/1573/1201 1265/1608/1213
f 1265/1608/1213 1235/1573/1201 1231/1607/1197
f 1244/1565/1193 1224/1567/1195 1258/1609/1206
f 1258/1609/1206 1224/1567/1195 1266/1571/1199
f 1224/1567/1195 1236/1574/1202 1266/1571/1199
f 1266/1571/1199 1235/1573/1201 1267/1610/1205
f 1267/1610/1205 1235/1573/1201 1268/1560/1188
f 1235/1573/1201 1222/1561/1189 1268/1560/1188
f 1269/1594/1214 1270/1596/1215 1217/1542/1171
f 1217/1542/1171 1270/1596/1215 1214/1539/1168
f 1270/1596/1215 1253/1611/1219 1214/1539/1168
f 1214/1539/1168 1253/1611/1219 1268/1560/1188
f 1271/1552/1180 1238/1551/1179 1226/1568/1196
f 1226/1568/1196 1238/1551/1179 1272/1597/1216
f 1238/1551/1179 1262/1575/1173 1272/1597/1216
usemtl DonaldFace
f 337/1612/1221 343/1613/1222 106/1614/199
f 324/1615/1223 335/1616/1224 339/1617/1225
f 326/1618/1226 325/1619/1227 491/1620/1228
f 106/1614/199 487/1621/374 337/1612/1221
f 491/1620/1228 330/1622/120 326/1618/1226
f 491/1620/1228 94/1623/121 330/1622/120
f 14/1624/45 327/1625/1229 332/1626/1230
f 14/1624/45 15/1627/47 327/1625/1229
f 328/1628/1231 350/1629/1232 349/1630/1233
f 328/1628/1231 337/1612/1221 350/1629/1232
f 346/1631/1234 349/1630/1233 353/1632/1235
f 346/1631/1234 328/1628/1231 349/1630/1233
f 329/1633/119 326/1618/1226 330/1622/120
f 329/1633/119 351/1634/1236 326/1618/1226
f 270/1635/179 333/1636/1237 340/1637/1238
f 270/1635/179 53/1638/127 333/1636/1237
f 15/1627/47 344/1639/1239 327/1625/1229
f 15/1627/47 108/1640/136 344/1639/1239
f 347/1641/1240 332/1626/1230 327/1625/1229
f 347/1641/1240 331/1642/1241 332/1626/1230
f 62/1643/141 332/1626/1230 348/1644/1242
f 62/1643/141 14/1624/45 332/1626/1230
f 53/1638/127 334/1645/1243 333/1636/1237
f 53/1638/127 352/1646/49 334/1645/1243
f 335/1616/1224 342/1647/55 339/1617/1225
f 335/1616/1224 336/1648/56 342/1647/55
f 338/1649/1244 325/1619/1227 326/1618/1226
f 338/1649/1244 487/1621/374 325/1619/1227
f 337/1612/1221 338/1649/1244 350/1629/1232
f 337/1612/1221 487/1621/374 338/1649/1244
f 204/1650/178 340/1637/1238 341/1651/327
f 204/1650/178 270/1635/179 340/1637/1238
f 351/1634/1236 336/1652/56 335/1616/1224
f 351/1634/1236 329/1653/119 336/1652/56
f 339/1617/1225 341/1654/327 340/1637/1238
f 339/1617/1225 342/1655/55 341/1654/327
f 108/1640/136 343/1613/1222 344/1639/1239
f 108/1640/136 106/1614/199 343/1613/1222
f 353/1632/1235 324/1615/1223 334/1645/1243
f 334/1645/1243 324/1615/1223 333/1636/1237
f 324/1615/1223 339/1617/1225 333/1636/1237
f 333/1636/1237 339/1617/1225 340/1637/1238
f 337/1612/1221 328/1628/1231 343/1613/1222
f 343/1613/1222 328/1628/1231 344/1639/1239
f 328/1628/1231 345/1656/1245 344/1639/1239
f 344/1639/1239 345/1656/1245 327/1625/1229
f 346/1631/1234 347/1641/1240 328/1628/1231
f 328/1628/1231 347/1641/1240 345/1656/1245
f 347/1641/1240 327/1625/1229 345/1656/1245
f 346/1631/1234 353/1632/1235 347/1641/1240
f 347/1641/1240 353/1632/1235 331/1642/1241
f 353/1632/1235 348/1644/1242 331/1642/1241
f 331/1642/1241 348/1644/1242 332/1626/1230
f 353/1632/1235 349/1630/1233 324/1615/1223
f 324/1615/1223 349/1630/1233 335/1616/1224
f 349/1630/1233 350/1629/1232 335/1616/1224
f 335/1616/1224 350/1629/1232 351/1634/1236
f 350/1629/1232 338/1649/1244 351/1634/1236
f 351/1634/1236 338/1649/1244 326/1618/1226
f 62/1643/141 348/1644/1242 352/1646/49
f 352/1646/49 348/1644/1242 334/1645/1243
f 348/1644/1242 353/1632/1235 334/1645/1243
f 471/1657/1246 470/1658/373 466/1659/1247
f 467/1660/1248 469/1661/1249 468/1662/1250
f 469/1661/1249 473/1663/1251 488/1664/1252
f 470/1665/373 471/1657/1246 487/1666/374
f 240/1667/91 474/1668/1253 475/1669/1254
f 240/1667/91 100/1670/192 474/1668/1253
f 472/1671/1255 466/1659/1247 496/1672/1256
f 472/1671/1255 471/1657/1246 466/1659/1247
f 473/1663/1251 474/1668/1253 488/1664/1252
f 473/1663/1251 475/1669/1254 474/1668/1253
f 475/1669/1254 476/1673/92 240/1667/91
f 475/1669/1254 477/1674/1257 476/1673/92
f 473/1663/1251 467/1660/1248 486/1675/1258
f 473/1663/1251 469/1661/1249 467/1660/1248
f 475/1669/1254 486/1675/1258 477/1674/1257
f 475/1669/1254 473/1663/1251 486/1675/1258
f 474/1668/1253 98/1676/191 478/1677/1259
f 474/1668/1253 100/1678/192 98/1676/191
f 493/1679/1260 474/1668/1253 478/1677/1259
f 493/1679/1260 488/1664/1252 474/1668/1253
f 325/1680/1227 494/1681/1261 492/1682/1262
f 325/1680/1227 487/1666/374 494/1681/1261
f 469/1661/1249 490/1683/1263 468/1662/1250
f 468/1662/1250 490/1683/1263 479/1684/1264
f 490/1683/1263 489/1685/1265 479/1684/1264
f 479/1684/1264 489/1685/1265 480/1686/1266
f 489/1685/1265 481/1687/1267 480/1686/1266
f 470/1658/373 482/1688/372 466/1659/1247
f 466/1659/1247 482/1688/372 496/1672/1256
f 482/1688/372 483/1689/369 496/1672/1256
f 496/1672/1256 483/1689/369 480/1686/1266
f 483/1689/369 258/1690/367 480/1686/1266
f 480/1686/1266 258/1690/367 479/1684/1264
f 258/1690/367 484/1691/366 479/1684/1264
f 479/1684/1264 484/1691/366 468/1662/1250
f 484/1691/366 485/1692/96 468/1662/1250
f 468/1662/1250 485/1692/96 467/1660/1248
f 485/1692/96 296/1693/128 467/1660/1248
f 467/1660/1248 296/1693/128 486/1675/1258
f 296/1693/128 56/1694/129 486/1675/1258
f 486/1675/1258 56/1694/129 477/1674/1257
f 56/1694/129 166/1695/171 477/1674/1257
f 477/1674/1257 166/1695/171 476/1673/92
f 487/1666/374 471/1657/1246 494/1681/1261
f 494/1681/1261 471/1657/1246 493/1679/1260
f 471/1657/1246 472/1671/1255 493/1679/1260
f 493/1679/1260 472/1671/1255 488/1664/1252
f 472/1671/1255 495/1696/1268 488/1664/1252
f 488/1664/1252 495/1696/1268 469/1661/1249
f 495/1696/1268 489/1685/1265 469/1661/1249
f 469/1661/1249 489/1685/1265 490/1683/1263
f 94/1697/121 491/1698/1228 99/1699/183
f 99/1699/183 491/1698/1228 492/1682/1262
f 491/1698/1228 325/1680/1227 492/1682/1262
f 493/1679/1260 478/1677/1259 494/1681/1261
f 494/1681/1261 478/1677/1259 492/1682/1262
f 478/1677/1259 98/1700/191 492/1682/1262
f 492/1682/1262 98/1700/191 99/1699/183
f 495/1696/1268 472/1671/1255 489/1685/1265
f 489/1685/1265 472/1671/1255 481/1687/1267
f 472/1671/1255 496/1672/1256 481/1687/1267
f 481/1687/1267 496/1672/1256 480/1686/1266
